mystery_spells_and_perks,english,,,,,,,,,japanese,,,,,
action_mystery_secret_spell,Secret Spell,,,,,,,,,謎の呪文,,,,,
action_mystery_silent_spell,Silent Spell,,,,,,,,,静寂の呪文,,,,,
action_mystery_raging_spell,Raging Spell,,,,,,,,,荒ぶる呪文,,,,,
action_mystery_mystic_spell,Mystic Spell,,,,,,,,,幽玄の呪文,,,,,
action_mystery_abyssal_spell,Abyssal Spell,,,,,,,,,深淵の呪文,,,,,
action_mystery_obsidian_spell,Obsidian Spell,,,,,,,,,漆黒の呪文,,,,,
action_mystery_screaming_spell,Screaming Spell,,,,,,,,,悲鳴の呪文,,,,,
action_mystery_azure_flame_spell,Azure Flame Spell,,,,,,,,,青炎の呪文,,,,,
action_mystery_enchanting_spell,Enchanting Spell,,,,,,,,,幻惑の呪文,,,,,
action_mystery_cruel_spell,Cruel Spell,,,,,,,,,冷酷な呪文,,,,,
action_mystery_shining_spell,Shining Spell,,,,,,,,,輝ける呪文,,,,,
action_mystery_stardust_spell,Stardust Spell,,,,,,,,,星屑の呪文,,,,,
action_mystery_cerulean_spell,Cerulean Spell,,,,,,,,,蒼穹の呪文,,,,,
action_mystery_forbidden_spell,Forbidden Spell,,,,,,,,,禁断の呪文,,,,,
action_mystery_dark_spell,Dark Spell,,,,,,,,,暗黒の呪文,,,,,
action_mystery_shadowy_soul_spell,Shadowy Soul Spell,,,,,,,,,闇魂の呪文,,,,,
action_mystery_insanity_spell,Insanity Spell,,,,,,,,,狂気の呪文,,,,,
action_mystery_odd_spell,Odd Spell,,,,,,,,,不規則な呪文,,,,,
action_mystery_malicious_spell,Malicious Spell,,,,,,,,,悪意の呪文,,,,,
action_mystery_melancholic_spell,Melancholic Spell,,,,,,,,,悲壮な呪文,,,,,
action_mystery_mysterious_spell,Mysterious Spell,,,,,,,,,神秘の呪文,,,,,
action_mystery_eerie_spell,Eerie Spell,,,,,,,,,妖気の呪文,,,,,
action_mystery_disillusionment_spell,Disillusionment Spell,,,,,,,,,幻滅の呪文,,,,,
action_mystery_nether_spell,Nether Spell,,,,,,,,,冥府の呪文,,,,,
action_mystery_thundering_spell,Thundering Spell,,,,,,,,,雷霆の呪文,,,,,
action_mystery_eternal_spell,Eternal Spell,,,,,,,,,永劫の呪文,,,,,
action_mystery_forgetful_spell,Forgetful Spell,,,,,,,,,忘却の呪文,,,,,
action_mystery_serpentine_spell,Serpentine Spell,,,,,,,,,蛇蝎の呪文,,,,,
action_mystery_hatred_spell,Hatred Spell,,,,,,,,,憎悪の呪文,,,,,
action_mystery_dark_cloud_spell,Dark Cloud Spell,,,,,,,,,黒雲の呪文,,,,,
action_mystery_abominable_spell,Abominable Spell,,,,,,,,,忌まわしい呪文,,,,,
action_mystery_void_spell,Void Spell,,,,,,,,,虚空の呪文,,,,,
action_mystery_treachery_spell,Treachery Spell,,,,,,,,,裏切りの呪文,,,,,
action_mystery_lost_spell,Lost Spell,,,,,,,,,失われた呪文,,,,,
action_mystery_invisible_spell,Invisible Spell,,,,,,,,,見えざる呪文,,,,,
action_mystery_ruination_spell,Ruination Spell,,,,,,,,,破滅の呪文,,,,,
action_mystery_underworld_spell,Underworld Spell,,,,,,,,,冥界の呪文,,,,,
action_mystery_deceptive_spell,Deceptive Spell,,,,,,,,,偽りの呪文,,,,,
action_mystery_hazy_spell,Hazy Spell,,,,,,,,,朧の呪文,,,,,
action_mystery_enigmatic_spell,Enigmatic Spell,,,,,,,,,暗示の呪文,,,,,
action_mystery_crawling_spell,Crawling Spell,,,,,,,,,蠢く呪文,,,,,
action_mystery_rebellious_spell,Rebellious Spell,,,,,,,,,反逆の呪文,,,,,
action_mystery_obscure_spell,Obscure Spell,,,,,,,,,無明の呪文,,,,,
action_mystery_chaotic_spell,Chaotic Spell,,,,,,,,,混沌の呪文,,,,,
action_mystery_nostalgic_spell,Nostalgic Spell,,,,,,,,,懐かしい呪文,,,,,
action_mystery_phantom_spell,Phantom Spell,,,,,,,,,幻影の呪文,,,,,
action_mystery_ensnaring_spell,Ensnaring Spell,,,,,,,,,呪縛の呪文,,,,,
action_mystery_sly_spell,Sly Spell,,,,,,,,,狡猾な呪文,,,,,
action_mystery_cold_blooded_spell,Cold Blooded Spell,,,,,,,,,冷血の呪文,,,,,
action_mystery_fateful_spell,Fateful Spell,,,,,,,,,運命の呪文,,,,,
action_mystery_fallen_spell,Fallen Spell,,,,,,,,,堕天の呪文,,,,,
action_mystery_creepy_spell,Creepy Spell,,,,,,,,,不気味な呪文,,,,,
action_mystery_demonic_spell,Demonic Spell,,,,,,,,,魔性の呪文,,,,,
action_mystery_terrifying_spell,Terrifying Spell,,,,,,,,,恐怖の呪文,,,,,
action_mystery_rupturing_spell,Rupturing Spell,,,,,,,,,裂空の呪文,,,,,
action_mystery_everlasting_spell,Everlasting Spell,,,,,,,,,悠久の呪文,,,,,
action_mystery_confining_spell,Confining Spell,,,,,,,,,幽閉の呪文,,,,,
action_mystery_empty_spell,Empty Spell,,,,,,,,,虚ろな呪文,,,,,
action_mystery_soulful_cry_spell,Soulful Cry Spell,,,,,,,,,霊魂の叫びの呪文,,,,,
action_mystery_malicious_shadow_spell,Malicious Shadow Spell,,,,,,,,,悪意の影の呪文,,,,,
action_mystery_sorrowful_spell,Sorrowful Spell,,,,,,,,,悲哀の呪文,,,,,
action_mystery_dark_magic_spell,Dark Magic Spell,,,,,,,,,暗黒魔力の呪文,,,,,
action_mystery_phantasmal_spell,Phantasmal Spell,,,,,,,,,幻想の呪文,,,,,
action_mystery_fictitious_spell,Fictitious Spell,,,,,,,,,虚構の呪文,,,,,
action_mystery_favorite_spell,Favorite Spell,,,,,,,,,お気に入りの呪文,,,,,
action_mystery_decayed_wish_spell,Decayed Wish Spell,,,,,,,,,朽ち果てた願いの呪文,,,,,
action_mystery_ancient_spell,Ancient Spell,,,,,,,,,古びた呪文,,,,,
action_mystery_well_worn_spell,Well Worn Spell,,,,,,,,,使い古された呪文,,,,,
action_mystery_new_spell,New Spell,,,,,,,,,新しい呪文,,,,,
action_mystery_suspicious_spell,Suspicious Spell,,,,,,,,,あやしい呪文,,,,,
action_mystery_arcane_spell,Arcane Spell,,,,,,,,,秘儀の呪文,,,,,
action_mystery_frozen_spell,Frozen Spell,,,,,,,,,凍結の呪文,,,,,
action_mystery_radiant_spell,Radiant Spell,,,,,,,,,光輝の呪文,,,,,
action_mystery_twilight_spell,Twilight Spell,,,,,,,,,黄昏の呪文,,,,,
action_mystery_galactic_spell,Galactic Spell,,,,,,,,,銀河の呪文,,,,,
action_mystery_fiery_spell,Fiery Spell,,,,,,,,,灼熱の呪文,,,,,
action_mystery_haunting_spell,Haunting Spell,,,,,,,,,幽鬼の呪文,,,,,
action_mystery_infernal_spell,Infernal Spell,,,,,,,,,煉獄の呪文,,,,,
action_mystery_luminous_spell,Luminous Spell,,,,,,,,,光彩の呪文,,,,,
action_mystery_gloom_spell,Gloom Spell,,,,,,,,,陰鬱の呪文,,,,,
action_mystery_serene_spell,Serene Spell,,,,,,,,,安らぎの呪文,,,,,
action_mystery_hallowed_spell,Hallowed Spell,,,,,,,,,聖なる呪文,,,,,
action_mystery_ethereal_spell,Ethereal Spell,,,,,,,,,霊妙の呪文,,,,,
action_mystery_turbulent_spell,Turbulent Spell,,,,,,,,,動乱の呪文,,,,,
action_mystery_harmonic_spell,Harmonic Spell,,,,,,,,,調和の呪文,,,,,
action_mystery_celestial_spell,Celestial Spell,,,,,,,,,天界の呪文,,,,,
action_mystery_transcendent_spell,Transcendent Spell,,,,,,,,,超越の呪文,,,,,
action_mystery_vortex_spell,Vortex Spell,,,,,,,,,渦巻の呪文,,,,,
action_mystery_rift_spell,Rift Spell,,,,,,,,,裂け目の呪文,,,,,
action_mystery_zephyr_spell,Zephyr Spell,,,,,,,,,微風の呪文,,,,,
action_mystery_voidwalker_spell,Voidwalker Spell,,,,,,,,,虚無歩きの呪文,,,,,
action_mystery_chilling_spell,Chilling Spell,,,,,,,,,凍える呪文,,,,,
action_mystery_radiance_spell,Radiance Spell,,,,,,,,,光芒の呪文,,,,,
action_mystery_lunar_spell,Lunar Spell,,,,,,,,,月光の呪文,,,,,
action_mystery_solar_spell,Solar Spell,,,,,,,,,太陽の呪文,,,,,
action_mystery_storm_spell,Storm Spell,,,,,,,,,嵐の呪文,,,,,
action_mystery_moonlit_spell,Moonlit Spell,,,,,,,,,月明かりの呪文,,,,,
action_mystery_whispering_spell,Whispering Spell,,,,,,,,,囁きの呪文,,,,,
action_mystery_spectral_spell,Spectral Spell,,,,,,,,,幽体の呪文,,,,,
action_mystery_tidal_spell,Tidal Spell,,,,,,,,,潮の呪文,,,,,
action_mystery_echoing_spell,Echoing Spell,,,,,,,,,反響の呪文,,,,,
action_mystery_aurora_spell,Aurora Spell,,,,,,,,,極光の呪文,,,,,
action_mystery_stormcloud_spell,Stormcloud Spell,,,,,,,,,嵐雲の呪文,,,,,
action_mystery_tremor_spell,Tremor Spell,,,,,,,,,地震の呪文,,,,,
action_mystery_pyroclastic_spell,Pyroclastic Spell,,,,,,,,,火山灰の呪文,,,,,
action_mystery_dusk_spell,Dusk Spell,,,,,,,,,夕暮れの呪文,,,,,
action_mystery_dawn_spell,Dawn Spell,,,,,,,,,夜明けの呪文,,,,,
action_mystery_charm_spell,Charm Spell,,,,,,,,,魅了の呪文,,,,,
action_mystery_boundless_spell,Boundless Spell,,,,,,,,,無限の呪文,,,,,
action_mystery_arcana_spell,Arcana Spell,,,,,,,,,秘術の呪文,,,,,
action_mystery_petrify_spell,Petrify Spell,,,,,,,,,石化の呪文,,,,,
action_mystery_curse_spell,Curse Spell,,,,,,,,,呪詛の呪文,,,,,
action_mystery_potion_spell,Potion Spell,,,,,,,,,霊薬の呪文,,,,,
action_mystery_incantation_spell,Incantation Spell,,,,,,,,,儀式の呪文,,,,,
action_mystery_omen_spell,Omen Spell,,,,,,,,,前兆の呪文,,,,,
action_mystery_divination_spell,Divination Spell,,,,,,,,,占術の呪文,,,,,
action_mystery_seer_spell,Seer Spell,,,,,,,,,予見の呪文,,,,,
action_mystery_clairvoyance_spell,Clairvoyance Spell,,,,,,,,,透視の呪文,,,,,
action_mystery_prophecy_spell,Prophecy Spell,,,,,,,,,予言の呪文,,,,,
action_mystery_fortune_spell,Fortune Spell,,,,,,,,,幸運の呪文,,,,,
action_mystery_retribution_spell,Retribution Spell,,,,,,,,,報復の呪文,,,,,
action_mystery_summon_spell,Summon Spell,,,,,,,,,召喚の呪文,,,,,
action_mystery_binding_spell,Binding Spell,,,,,,,,,束縛の呪文,,,,,
action_mystery_evocation_spell,Evocation Spell,,,,,,,,,喚起の呪文,,,,,
action_mystery_conjuration_spell,Conjuration Spell,,,,,,,,,召喚術の呪文,,,,,
action_mystery_enchantment_spell,Enchantment Spell,,,,,,,,,魔法の呪文,,,,,
action_mystery_illusion_spell,Illusion Spell,,,,,,,,,幻覚の呪文,,,,,
action_mystery_banishment_spell,Banishment Spell,,,,,,,,,追放の呪文,,,,,
action_mystery_transformation_spell,Transformation Spell,,,,,,,,,変身の呪文,,,,,
action_mystery_metamorphosis_spell,Metamorphosis Spell,,,,,,,,,変態の呪文,,,,,
action_mystery_alteration_spell,Alteration Spell,,,,,,,,,変更の呪文,,,,,
action_mystery_augmentation_spell,Augmentation Spell,,,,,,,,,増強の呪文,,,,,
action_mystery_flaming_spell,Flaming Spell,,,,,,,,,燃える呪文,,,,,
action_mystery_scorching_spell,Scorching Spell,,,,,,,,,灼ける呪文,,,,,
action_mystery_shocking_spell,Shocking Spell,,,,,,,,,衝撃の呪文,,,,,
action_mystery_jolting_spell,Jolting Spell,,,,,,,,,揺れる呪文,,,,,
action_mystery_mystifying_spell,Mystifying Spell,,,,,,,,,惑わしの呪文,,,,,
action_mystery_obfuscating_spell,Obfuscating Spell,,,,,,,,,曖昧の呪文,,,,,
action_mystery_shadow_spell,Shadow Spell,,,,,,,,,影の呪文,,,,,
action_mystery_penumbra_spell,Penumbra Spell,,,,,,,,,半影の呪文,,,,,
action_mystery_solar_flare_spell,Solar Flare Spell,,,,,,,,,太陽フレアの呪文,,,,,
action_mystery_stellar_spell,Stellar Spell,,,,,,,,,星光の呪文,,,,,
action_mystery_cosmic_spell,Cosmic Spell,,,,,,,,,宇宙の呪文,,,,,
action_mystery_supernova_spell,Supernova Spell,,,,,,,,,超新星の呪文,,,,,
action_mystery_nebula_spell,Nebula Spell,,,,,,,,,星雲の呪文,,,,,
action_mystery_warp_spell,Warp Spell,,,,,,,,,歪みの呪文,,,,,
action_mystery_distortion_spell,Distortion Spell,,,,,,,,,歪曲の呪文,,,,,
action_mystery_fade_spell,Fade Spell,,,,,,,,,消えゆく呪文,,,,,
action_mystery_vanish_spell,Vanish Spell,,,,,,,,,消失の呪文,,,,,
action_mystery_eruption_spell,Eruption Spell,,,,,,,,,噴火の呪文,,,,,
action_mystery_cataclysm_spell,Cataclysm Spell,,,,,,,,,大災害の呪文,,,,,
action_mystery_volcano_spell,Volcano Spell,,,,,,,,,火山の呪文,,,,,
action_mystery_tsunami_spell,Tsunami Spell,,,,,,,,,津波の呪文,,,,,
action_mystery_tornado_spell,Tornado Spell,,,,,,,,,竜巻の呪文,,,,,
action_mystery_hurricane_spell,Hurricane Spell,,,,,,,,,ハリケーンの呪文,,,,,
action_mystery_cyclone_spell,Cyclone Spell,,,,,,,,,サイクロンの呪文,,,,,
action_mystery_whirlwind_spell,Whirlwind Spell,,,,,,,,,旋風の呪文,,,,,
action_mystery_squall_spell,Squall Spell,,,,,,,,,突風の呪文,,,,,
action_mystery_blizzard_spell,Blizzard Spell,,,,,,,,,吹雪の呪文,,,,,
action_mystery_sleet_spell,Sleet Spell,,,,,,,,,霙の呪文,,,,,
action_mystery_hailstorm_spell,Hailstorm Spell,,,,,,,,,雹嵐の呪文,,,,,
action_mystery_duststorm_spell,Duststorm Spell,,,,,,,,,砂嵐の呪文,,,,,
action_mystery_blazing_spell,Blazing Spell,,,,,,,,,燃え上がる呪文,,,,,
action_mystery_thunderous_spell,Thunderous Spell,,,,,,,,,雷鳴の呪文,,,,,
action_mystery_divine_spell,Divine Spell,,,,,,,,,神聖の呪文,,,,,
action_mystery_misty_spell,Misty Spell,,,,,,,,,霧の呪文,,,,,
action_mystery_nocturnal_spell,Nocturnal Spell,,,,,,,,,夜行性の呪文,,,,,
action_mystery_ominous_spell,Ominous Spell,,,,,,,,,不吉の呪文,,,,,
action_mystery_savage_spell,Savage Spell,,,,,,,,,野蛮な呪文,,,,,
action_mystery_temporal_spell,Temporal Spell,,,,,,,,,一時的な呪文,,,,,
action_mystery_vengeful_spell,Vengeful Spell,,,,,,,,,復讐の呪文,,,,,
action_mystery_wraith_spell,Wraith Spell,,,,,,,,,幽霊の呪文,,,,,
action_mystery_zenith_spell,Zenith Spell,,,,,,,,,頂点の呪文,,,,,
action_mystery_cryptic_spell,Cryptic Spell,,,,,,,,,暗号の呪文,,,,,
action_mystery_dreadful_spell,Dreadful Spell,,,,,,,,,恐ろしい呪文,,,,,
action_mystery_eldritch_spell,Eldritch Spell,,,,,,,,,妖術の呪文,,,,,
action_mystery_feral_spell,Feral Spell,,,,,,,,,野生の呪文,,,,,
action_mystery_glacial_spell,Glacial Spell,,,,,,,,,氷河の呪文,,,,,
action_mystery_heavenly_spell,Heavenly Spell,,,,,,,,,天国の呪文,,,,,
action_mystery_jovial_spell,Jovial Spell,,,,,,,,,陽気な呪文,,,,,
action_mystery_keen_spell,Keen Spell,,,,,,,,,鋭い呪文,,,,,
action_mystery_lethal_spell,Lethal Spell,,,,,,,,,致命的な呪文,,,,,
action_mystery_majestic_spell,Majestic Spell,,,,,,,,,壮大な呪文,,,,,
action_mystery_nebulous_spell,Nebulous Spell,,,,,,,,,漠然とした呪文,,,,,
action_mystery_opulent_spell,Opulent Spell,,,,,,,,,豪華な呪文,,,,,
action_mystery_quaking_spell,Quaking Spell,,,,,,,,,揺れるの呪文,,,,,
action_mystery_runic_spell,Runic Spell,,,,,,,,,ルーンの呪文,,,,,
action_mystery_torrid_spell,Torrid Spell,,,,,,,,,焼けるような呪文,,,,,
action_mystery_unholy_spell,Unholy Spell,,,,,,,,,不浄の呪文,,,,,
action_mystery_vicious_spell,Vicious Spell,,,,,,,,,凶悪な呪文,,,,,
action_mystery_yonder_spell,Yonder Spell,,,,,,,,,彼方の呪文,,,,,
action_mystery_zealous_spell,Zealous Spell,,,,,,,,,熱心な呪文,,,,,
action_mystery_astral_spell,Astral Spell,,,,,,,,,星の呪文,,,,,
action_mystery_bizarre_spell,Bizarre Spell,,,,,,,,,奇怪な呪文,,,,,
action_mystery_elusive_spell,Elusive Spell,,,,,,,,,とらえどころのない呪文,,,,,
action_mystery_fabled_spell,Fabled Spell,,,,,,,,,伝説の呪文,,,,,
action_mystery_grim_spell,Grim Spell,,,,,,,,,厳しい呪文,,,,,
action_mystery_heroic_spell,Heroic Spell,,,,,,,,,英雄的な呪文,,,,,
action_mystery_illusive_spell,Illusive Spell,,,,,,,,,幻想的な呪文,,,,,
action_mystery_jagged_spell,Jagged Spell,,,,,,,,,ギザギザした呪文,,,,,
action_mystery_karmic_spell,Karmic Spell,,,,,,,,,業の呪文,,,,,
action_mystery_lucid_spell,Lucid Spell,,,,,,,,,明快な呪文,,,,,
action_mystery_noble_spell,Noble Spell,,,,,,,,,高貴な呪文,,,,,
action_mystery_oblivious_spell,Oblivious Spell,,,,,,,,,忘れっぽい呪文,,,,,
action_mystery_paradoxical_spell,Paradoxical Spell,,,,,,,,,逆説的な呪文,,,,,
action_mystery_relentless_spell,Relentless Spell,,,,,,,,,容赦ない呪文,,,,,
action_mystery_seraphic_spell,Seraphic Spell,,,,,,,,,セラフィックな呪文,,,,,
action_mystery_unearthly_spell,Unearthly Spell,,,,,,,,,地上のものではない呪文,,,,,
action_mystery_quietus_spell,Quietus Spell,,,,,,,,,終結の呪文,,,,,
action_mystery_voracious_spell,Voracious Spell,,,,,,,,,貪欲な呪文,,,,,
action_mystery_yearning_spell,Yearning Spell,,,,,,,,,切望の呪文,,,,,
action_mystery_red_spell,Red Spell,,,,,,,,,赤の呪文,,,,,
action_mystery_blue_spell,Blue Spell,,,,,,,,,青の呪文,,,,,
action_mystery_green_spell,Green Spell,,,,,,,,,緑の呪文,,,,,
action_mystery_yellow_spell,Yellow Spell,,,,,,,,,黄の呪文,,,,,
action_mystery_purple_spell,Purple Spell,,,,,,,,,紫の呪文,,,,,
action_mystery_orange_spell,Orange Spell,,,,,,,,,オレンジの呪文,,,,,
action_mystery_pink_spell,Pink Spell,,,,,,,,,ピンクの呪文,,,,,
action_mystery_brown_spell,Brown Spell,,,,,,,,,茶の呪文,,,,,
action_mystery_gray_spell,Gray Spell,,,,,,,,,灰の呪文,,,,,
action_mystery_black_spell,Black Spell,,,,,,,,,黒の呪文,,,,,
action_mystery_white_spell,White Spell,,,,,,,,,白の呪文,,,,,
action_mystery_navy_spell,Navy Spell,,,,,,,,,紺の呪文,,,,,
action_mystery_light_blue_spell,Light Blue Spell,,,,,,,,,水色の呪文,,,,,
action_mystery_light_green_spell,Light Green Spell,,,,,,,,,薄緑の呪文,,,,,
action_mystery_light_purple_spell,Light Purple Spell,,,,,,,,,薄紫の呪文,,,,,
action_mystery_light_yellow_spell,Light Yellow Spell,,,,,,,,,薄黄の呪文,,,,,
action_mystery_light_orange_spell,Light Orange Spell,,,,,,,,,薄オレンジの呪文,,,,,
action_mystery_light_pink_spell,Light Pink Spell,,,,,,,,,薄ピンクの呪文,,,,,
action_mystery_light_brown_spell,Light Brown Spell,,,,,,,,,薄茶の呪文,,,,,
action_mystery_light_gray_spell,Light Gray Spell,,,,,,,,,薄灰の呪文,,,,,
action_mystery_dark_red_spell,Dark Red Spell,,,,,,,,,濃赤の呪文,,,,,
action_mystery_dark_blue_spell,Dark Blue Spell,,,,,,,,,濃青の呪文,,,,,
action_mystery_dark_green_spell,Dark Green Spell,,,,,,,,,濃緑の呪文,,,,,
action_mystery_dark_yellow_spell,Dark Yellow Spell,,,,,,,,,濃黄の呪文,,,,,
action_mystery_dark_purple_spell,Dark Purple Spell,,,,,,,,,濃紫の呪文,,,,,
action_mystery_dark_orange_spell,Dark Orange Spell,,,,,,,,,濃オレンジの呪文,,,,,
action_mystery_dark_pink_spell,Dark Pink Spell,,,,,,,,,濃ピンクの呪文,,,,,
action_mystery_dark_brown_spell,Dark Brown Spell,,,,,,,,,濃茶の呪文,,,,,
action_mystery_dark_gray_spell,Dark Gray Spell,,,,,,,,,濃灰の呪文,,,,,
action_mystery_light_navy_spell,Light Navy Spell,,,,,,,,,薄紺の呪文,,,,,
action_mystery_emerald_green_spell,Emerald Green Spell,,,,,,,,,エメラルドグリーンの呪文,,,,,
action_mystery_lavender_spell,Lavender Spell,,,,,,,,,ラベンダーの呪文,,,,,
action_mystery_mint_green_spell,Mint Green Spell,,,,,,,,,ミントグリーンの呪文,,,,,
action_mystery_salmon_pink_spell,Salmon Pink Spell,,,,,,,,,サーモンピンクの呪文,,,,,
action_mystery_cobalt_blue_spell,Cobalt Blue Spell,,,,,,,,,コバルトブルーの呪文,,,,,
action_mystery_cyan_spell,Cyan Spell,,,,,,,,,シアンの呪文,,,,,
action_mystery_magenta_spell,Magenta Spell,,,,,,,,,マゼンタの呪文,,,,,
action_mystery_turquoise_spell,Turquoise Spell,,,,,,,,,ターコイズの呪文,,,,,
action_mystery_lilac_spell,Lilac Spell,,,,,,,,,ライラックの呪文,,,,,
action_mystery_aquamarine_spell,Aquamarine Spell,,,,,,,,,アクアマリンの呪文,,,,,
action_mystery_violet_spell,Violet Spell,,,,,,,,,バイオレットの呪文,,,,,
action_mystery_olive_spell,Olive Spell,,,,,,,,,オリーブの呪文,,,,,
action_mystery_pale_blue_spell,Pale Blue Spell,,,,,,,,,ペールブルーの呪文,,,,,
action_mystery_crimson_spell,Crimson Spell,,,,,,,,,クリムゾンの呪文,,,,,
action_mystery_teal_spell,Teal Spell,,,,,,,,,ティールの呪文,,,,,
action_mystery_charcoal_spell,Charcoal Spell,,,,,,,,,チャコールの呪文,,,,,
action_mystery_bronze_spell,Bronze Spell,,,,,,,,,ブロンズの呪文,,,,,
action_mystery_beige_spell,Beige Spell,,,,,,,,,ベージュの呪文,,,,,
action_mystery_amber_spell,Amber Spell,,,,,,,,,アンバーの呪文,,,,,
action_mystery_ruby_spell,Ruby Spell,,,,,,,,,ルビーの呪文,,,,,
action_mystery_garnet_spell,Garnet Spell,,,,,,,,,ガーネットの呪文,,,,,
action_mystery_sapphire_spell,Sapphire Spell,,,,,,,,,サファイアの呪文,,,,,
action_mystery_topaz_spell,Topaz Spell,,,,,,,,,トパーズの呪文,,,,,
action_mystery_opal_spell,Opal Spell,,,,,,,,,オパールの呪文,,,,,
action_mystery_amethyst_spell,Amethyst Spell,,,,,,,,,アメジストの呪文,,,,,
action_mystery_jade_spell,Jade Spell,,,,,,,,,ジェイドの呪文,,,,,
action_mystery_aqua_spell,Aqua Spell,,,,,,,,,アクアの呪文,,,,,
action_mystery_fuchsia_spell,Fuchsia Spell,,,,,,,,,フューシャの呪文,,,,,
action_mystery_indigo_spell,Indigo Spell,,,,,,,,,インディゴの呪文,,,,,
action_mystery_peacock_green_spell,Peacock Green Spell,,,,,,,,,ピーコックグリーンの呪文,,,,,
action_mystery_silver_spell,Silver Spell,,,,,,,,,シルバーの呪文,,,,,
action_mystery_gold_spell,Gold Spell,,,,,,,,,ゴールドの呪文,,,,,
action_mystery_platinum_spell,Platinum Spell,,,,,,,,,プラチナの呪文,,,,,
action_mystery_camel_spell,Camel Spell,,,,,,,,,キャメルの呪文,,,,,
action_mystery_old_lace_spell,Old Lace Spell,,,,,,,,,オールドレースの呪文,,,,,
action_mystery_white_smoke_spell,White Smoke Spell,,,,,,,,,ホワイトスモークの呪文,,,,,
action_mystery_ghost_white_spell,Ghost White Spell,,,,,,,,,ゴーストホワイトの呪文,,,,,
action_mystery_floral_white_spell,Floral White Spell,,,,,,,,,フローラルホワイトの呪文,,,,,
action_mystery_hot_pink_spell,Hot Pink Spell,,,,,,,,,ホットピンクの呪文,,,,,
action_mystery_deep_pink_spell,Deep Pink Spell,,,,,,,,,ディープピンクの呪文,,,,,
action_mystery_medium_blue_spell,Medium Blue Spell,,,,,,,,,ミディアムブルーの呪文,,,,,
action_mystery_royal_blue_spell,Royal Blue Spell,,,,,,,,,ロイヤルブルーの呪文,,,,,
action_mystery_midnight_blue_spell,Midnight Blue Spell,,,,,,,,,ミッドナイトブルーの呪文,,,,,
action_mystery_light_sky blue_spell,Light Sky Blue Spell,,,,,,,,,ライトスカイブルーの呪文,,,,,
action_mystery_steel_blue_spell,Steel Blue Spell,,,,,,,,,スチールブルーの呪文,,,,,
action_mystery_light_sea green_spell,Light Sea Green Spell,,,,,,,,,ライトシーグリーンの呪文,,,,,
action_mystery_dark_sea green_spell,Dark Sea Green Spell,,,,,,,,,ダークシーグリーンの呪文,,,,,
action_mystery_light_salmon_spell,Light Salmon Spell,,,,,,,,,ライトサーモンの呪文,,,,,
action_mystery_light_coral_spell,Light Coral Spell,,,,,,,,,ライトコーラルの呪文,,,,,
action_mystery_alice_blue_spell,Alice Blue Spell,,,,,,,,,アリスブルーの呪文,,,,,
action_mystery_white_ice_spell,White Ice Spell,,,,,,,,,ホワイトアイスの呪文,,,,,
action_mystery_caribbean_blue_spell,Caribbean Blue Spell,,,,,,,,,カリビアンブルーの呪文,,,,,
action_mystery_romantic_red_spell,Romantic Red Spell,,,,,,,,,ロマンティックレッドの呪文,,,,,
action_mystery_grayish_pink_spell,Grayish Pink Spell,,,,,,,,,グレイッシュピンクの呪文,,,,,
action_mystery_blue_gray_spell,Blue Gray Spell,,,,,,,,,ブルーグレーの呪文,,,,,
action_mystery_ash_green_spell,Ash Green Spell,,,,,,,,,アッシュグリーンの呪文,,,,,
action_mystery_almond_spell,Almond Spell,,,,,,,,,アーモンドの呪文,,,,,
action_mystery_butterscotch_spell,Butterscotch Spell,,,,,,,,,バタースコッチの呪文,,,,,
action_mystery_canary_yellow_spell,Canary Yellow Spell,,,,,,,,,カナリーイエローの呪文,,,,,
action_mystery_bright_red_spell,Bright Red Spell,,,,,,,,,ブライトレッドの呪文,,,,,
action_mystery_deep_blue_spell,Deep Blue Spell,,,,,,,,,ディープブルーの呪文,,,,,
action_mystery_deep_green_spell,Deep Green Spell,,,,,,,,,ディープグリーンの呪文,,,,,
action_mystery_cream_yellow_spell,Cream Yellow Spell,,,,,,,,,クリームイエローの呪文,,,,,
action_mystery_pale_pink_spell,Pale Pink Spell,,,,,,,,,ペールピンクの呪文,,,,,
action_mystery_lemon_yellow_spell,Lemon Yellow Spell,,,,,,,,,レモンイエローの呪文,,,,,
action_mystery_cardinal_spell,Cardinal Spell,,,,,,,,,カーディナルの呪文,,,,,
action_mystery_scarlet_spell,Scarlet Spell,,,,,,,,,スカーレットの呪文,,,,,
action_mystery_sunflower_spell,Sunflower Spell,,,,,,,,,サンフラワーの呪文,,,,,
action_mystery_tangerine_spell,Tangerine Spell,,,,,,,,,タンジェリンの呪文,,,,,
action_mystery_sienna_spell,Sienna Spell,,,,,,,,,シエナの呪文,,,,,
action_mystery_peach_spell,Peach Spell,,,,,,,,,ピーチの呪文,,,,,
action_mystery_blueberry_spell,Blueberry Spell,,,,,,,,,ブルーベリーの呪文,,,,,
action_mystery_plum_spell,Plum Spell,,,,,,,,,プラムの呪文,,,,,
action_mystery_pastel_pink_spell,Pastel Pink Spell,,,,,,,,,パステルピンクの呪文,,,,,
action_mystery_pastel_green_spell,Pastel Green Spell,,,,,,,,,パステルグリーンの呪文,,,,,
action_mystery_pastel_blue_spell,Pastel Blue Spell,,,,,,,,,パステルブルーの呪文,,,,,
action_mystery_pastel_yellow_spell,Pastel Yellow Spell,,,,,,,,,パステルイエローの呪文,,,,,
action_mystery_rosy_pink_spell,Rosy Pink Spell,,,,,,,,,ロージーピンクの呪文,,,,,
action_mystery_seafoam_green_spell,Seafoam Green Spell,,,,,,,,,シーフォームグリーンの呪文,,,,,
action_mystery_spring_green_spell,Spring Green Spell,,,,,,,,,スプリンググリーンの呪文,,,,,
action_mystery_summer_green_spell,Summer Green Spell,,,,,,,,,サマーグリーンの呪文,,,,,
action_mystery_autumn_brown_spell,Autumn Brown Spell,,,,,,,,,オータムブラウンの呪文,,,,,
action_mystery_winter_gray_spell,Winter Gray Spell,,,,,,,,,ウィンターグレーの呪文,,,,,
action_mystery_twilight_blue_spell,Twilight Blue Spell,,,,,,,,,トワイライトブルーの呪文,,,,,
action_mystery_mist_gray_spell,Mist Gray Spell,,,,,,,,,ミストグレーの呪文,,,,,
action_mystery_cloudy_white_spell,Cloudy White Spell,,,,,,,,,クラウディホワイトの呪文,,,,,
action_mystery_storm_gray_spell,Storm Gray Spell,,,,,,,,,ストームグレーの呪文,,,,,
action_mystery_pearl_white_spell,Pearl White Spell,,,,,,,,,パールホワイトの呪文,,,,,
action_mystery_dusty_rose_spell,Dusty Rose Spell,,,,,,,,,ダスティローズの呪文,,,,,
action_mystery_fresh_green_spell,Fresh Green Spell,,,,,,,,,フレッシュグリーンの呪文,,,,,
action_mystery_milk_white_spell,Milk White Spell,,,,,,,,,ミルクホワイトの呪文,,,,,
action_mystery_sunset_orange_spell,Sunset Orange Spell,,,,,,,,,サンセットオレンジの呪文,,,,,
action_mystery_dawn_pink_spell,Dawn Pink Spell,,,,,,,,,ドーンピンクの呪文,,,,,
action_mystery_twilight_pink_spell,Twilight Pink Spell,,,,,,,,,トワイライトピンクの呪文,,,,,
action_mystery_lotus_pink_spell,Lotus Pink Spell,,,,,,,,,ロータスピンクの呪文,,,,,
action_mystery_luminous_yellow_spell,Luminous Yellow Spell,,,,,,,,,ルミナスイエローの呪文,,,,,
action_mystery_champagne_gold_spell,Champagne Gold Spell,,,,,,,,,シャンパンゴールドの呪文,,,,,
action_mystery_frosty_white_spell,Frosty White Spell,,,,,,,,,フロスティホワイトの呪文,,,,,
action_mystery_deep_purple_spell,Deep Purple Spell,,,,,,,,,ディープパープルの呪文,,,,,
action_mystery_shadow_blue_spell,Shadow Blue Spell,,,,,,,,,シャドウブルーの呪文,,,,,
action_mystery_smoky_blue_spell,Smoky Blue Spell,,,,,,,,,スモーキーブルーの呪文,,,,,
action_mystery_seafoam_blue_spell,Seafoam Blue Spell,,,,,,,,,シーフォームブルーの呪文,,,,,
action_mystery_vanilla_cream_spell,Vanilla Cream Spell,,,,,,,,,バニラクリームの呪文,,,,,
action_mystery_sunshine_yellow_spell,Sunshine Yellow Spell,,,,,,,,,サンシャインイエローの呪文,,,,,
action_mystery_lime_green_spell,Lime Green Spell,,,,,,,,,ライムグリーンの呪文,,,,,
action_mystery_ocean_blue_spell,Ocean Blue Spell,,,,,,,,,オーシャンブルーの呪文,,,,,
action_mystery_powder_blue_spell,Powder Blue Spell,,,,,,,,,パウダーブルーの呪文,,,,,
action_mystery_peach_puff_spell,Peach Puff Spell,,,,,,,,,ピーチパフの呪文,,,,,
action_mystery_bright_green_spell,Bright Green Spell,,,,,,,,,ブライトグリーンの呪文,,,,,
action_mystery_mint_blue_spell,Mint Blue Spell,,,,,,,,,ミントブルーの呪文,,,,,
action_mystery_desert_sand_spell,Desert Sand Spell,,,,,,,,,デザートサンドの呪文,,,,,
action_mystery_sunset_pink_spell,Sunset Pink Spell,,,,,,,,,サンセットピンクの呪文,,,,,
action_mystery_spring_yellow_spell,Spring Yellow Spell,,,,,,,,,スプリングイエローの呪文,,,,,
action_mystery_fresh_blue_spell,Fresh Blue Spell,,,,,,,,,フレッシュブルーの呪文,,,,,
action_mystery_mist_white_spell,Mist White Spell,,,,,,,,,ミストホワイトの呪文,,,,,
action_mystery_sunflower_yellow_spell,Sunflower Yellow Spell,,,,,,,,,サンフラワーイエローの呪文,,,,,
action_mystery_summer_yellow_spell,Summer Yellow Spell,,,,,,,,,サマーイエローの呪文,,,,,
action_mystery_dewy_blue_spell,Dewy Blue Spell,,,,,,,,,デューイブルーの呪文,,,,,
action_mystery_afternoon_green_spell,Afternoon Green Spell,,,,,,,,,アフタヌーングリーンの呪文,,,,,
action_mystery_desert_yellow_spell,Desert Yellow Spell,,,,,,,,,デザートイエローの呪文,,,,,
action_mystery_fresh_pink_spell,Fresh Pink Spell,,,,,,,,,フレッシュピンクの呪文,,,,,
action_mystery_aqua_white_spell,Aqua White Spell,,,,,,,,,アクアホワイトの呪文,,,,,
action_mystery_lavender_blue_spell,Lavender Blue Spell,,,,,,,,,ラベンダーブルーの呪文,,,,,
action_mystery_clear_green_spell,Clear Green Spell,,,,,,,,,クリアグリーンの呪文,,,,,
action_mystery_sunset_blue_spell,Sunset Blue Spell,,,,,,,,,サンセットブルーの呪文,,,,,
action_mystery_cream_white_spell,Cream White Spell,,,,,,,,,クリームホワイトの呪文,,,,,
action_mystery_desert_orange_spell,Desert Orange Spell,,,,,,,,,デザートオレンジの呪文,,,,,
action_mystery_aqua_blue_spell,Aqua Blue Spell,,,,,,,,,アクアブルーの呪文,,,,,
action_mystery_sky_blue_spell,Sky Blue Spell,,,,,,,,,スカイブルーの呪文,,,,,
action_mystery_lavender_purple_spell,Lavender Purple Spell,,,,,,,,,ラベンダーパープルの呪文,,,,,
action_mystery_rose_red_spell,Rose Red Spell,,,,,,,,,ローズレッドの呪文,,,,,
action_mystery_seafoam_white_spell,Seafoam White Spell,,,,,,,,,シーフォームホワイトの呪文,,,,,
action_mystery_fresh_yellow_spell,Fresh Yellow Spell,,,,,,,,,フレッシュイエローの呪文,,,,,
action_mystery_pale_yellow_spell,Pale Yellow Spell,,,,,,,,,ペールイエローの呪文,,,,,
action_mystery_pale_green_spell,Pale Green Spell,,,,,,,,,ペールグリーンの呪文,,,,,
action_mystery_pale_orange_spell,Pale Orange Spell,,,,,,,,,ペールオレンジの呪文,,,,,
action_mystery_pale_purple_spell,Pale Purple Spell,,,,,,,,,ペールパープルの呪文,,,,,
action_mystery_tsuchigumo_spell,Tsuchigumo Spell,,,,,,,,,ツチグモの呪文,,,,,
action_mystery_ichikishimahime_spell,Ichikishimahime Spell,,,,,,,,,イチキシマヒメの呪文,,,,,
action_mystery_freya_spell,Freya Spell,,,,,,,,,フレイヤの呪文,,,,,
action_mystery_brynhild_spell,Brynhild Spell,,,,,,,,,ブリュンヒルドの呪文,,,,,
action_mystery_umihiko_spell,Umihiko Spell,,,,,,,,,ウミヒコの呪文,,,,,
action_mystery_ari_spell,Ari Spell,,,,,,,,,アリの呪文,,,,,
action_mystery_baldr_spell,Baldr Spell,,,,,,,,,バルドルの呪文,,,,,
action_mystery_nordr_spell,Nordr Spell,,,,,,,,,ノルズの呪文,,,,,
action_mystery_ajisukitakahikone_spell,Ajisukitakahikone Spell,,,,,,,,,アジスキタカヒコネの呪文,,,,,
action_mystery_ukemochi_spell,Ukemochi Spell,,,,,,,,,ウケモチの呪文,,,,,
action_mystery_hermod_spell,Hermod Spell,,,,,,,,,ヘルモーズの呪文,,,,,
action_mystery_sigurd_spell,Sigurd Spell,,,,,,,,,シグルズの呪文,,,,,
action_mystery_jord_spell,Jord Spell,,,,,,,,,ヨルズの呪文,,,,,
action_mystery_kushinadahime_spell,Kushinadahime Spell,,,,,,,,,クシナダヒメの呪文,,,,,
action_mystery_vali_spell,Vali Spell,,,,,,,,,ヴァーリの呪文,,,,,
action_mystery_ninigi_spell,Ninigi Spell,,,,,,,,,ニニギの呪文,,,,,
action_mystery_sleipnir_spell,Sleipnir Spell,,,,,,,,,スリプニルの呪文,,,,,
action_mystery_ran_spell,Ran Spell,,,,,,,,,ランの呪文,,,,,
action_mystery_hodr_spell,Hodr Spell,,,,,,,,,ホズルの呪文,,,,,
action_mystery_ootoshi_spell,Ootoshi Spell,,,,,,,,,オオトシの呪文,,,,,
action_mystery_gunnlod_spell,Gunnlod Spell,,,,,,,,,グンロズの呪文,,,,,
action_mystery_jormungand_spell,Jormungand Spell,,,,,,,,,ヨルムンガンドの呪文,,,,,
action_mystery_ame-no-torifune_spell,Ame-no-Torifune Spell,,,,,,,,,アメノトリフネの呪文,,,,,
action_mystery_omotaru_spell,Omotaru Spell,,,,,,,,,オモタルの呪文,,,,,
action_mystery_toyotamahime_spell,Toyotamahime Spell,,,,,,,,,トヨタマヒメの呪文,,,,,
action_mystery_mani_spell,Mani Spell,,,,,,,,,モーニの呪文,,,,,
action_mystery_njord_spell,Njord Spell,,,,,,,,,ニョルズの呪文,,,,,
action_mystery_takemikazuchi_spell,Takemikazuchi Spell,,,,,,,,,タケミカヅチの呪文,,,,,
action_mystery_ymir_spell,Ymir Spell,,,,,,,,,ユミルの呪文,,,,,
action_mystery_rig_spell,Rig Spell,,,,,,,,,リグの呪文,,,,,
action_mystery_fafnir_spell,Fafnir Spell,,,,,,,,,ファフニールの呪文,,,,,
action_mystery_kanayamahime_spell,Kanayamahime Spell,,,,,,,,,カナヤマヒメの呪文,,,,,
action_mystery_kannagi_spell,Kannagi Spell,,,,,,,,,カンナギの呪文,,,,,
action_mystery_hermes_spell,Hermes Spell,,,,,,,,,ヘルメスの呪文,,,,,
action_mystery_svafnir_spell,Svafnir Spell,,,,,,,,,スヴィプダーグの呪文,,,,,
action_mystery_fardr_spell,Fardr Spell,,,,,,,,,ファーザルの呪文,,,,,
action_mystery_tsukuyomi_spell,Tsukuyomi Spell,,,,,,,,,ツクヨミの呪文,,,,,
action_mystery_izanagi_spell,Izanagi Spell,,,,,,,,,イザナギの呪文,,,,,
action_mystery_bifrost_spell,Bifrost Spell,,,,,,,,,ビルストの呪文,,,,,
action_mystery_lævateinn_spell,Lævateinn Spell,,,,,,,,,レーヴァテインの呪文,,,,,
action_mystery_hoderi_spell,Hoderi Spell,,,,,,,,,ホデリの呪文,,,,,
action_mystery_mimir_spell,Mimir Spell,,,,,,,,,ミーミルの呪文,,,,,
action_mystery_thor_spell,Thor Spell,,,,,,,,,トールの呪文,,,,,
action_mystery_bragi_spell,Bragi Spell,,,,,,,,,ブラギの呪文,,,,,
action_mystery_shinatobe_spell,Shinatobe Spell,,,,,,,,,シナツヒコの呪文,,,,,
action_mystery_helgi_spell,Helgi Spell,,,,,,,,,ヘルギの呪文,,,,,
action_mystery_ame-no-uzume_spell,Ame-no-Uzume Spell,,,,,,,,,アメノウズメの呪文,,,,,
action_mystery_aegir_spell,Aegir Spell,,,,,,,,,エーギルの呪文,,,,,
action_mystery_susanoo_spell,Susanoo Spell,,,,,,,,,スサノオの呪文,,,,,
action_mystery_ketsumimi_spell,Ketsumimi Spell,,,,,,,,,ケツミミの呪文,,,,,
action_mystery_idun_spell,Idun Spell,,,,,,,,,イドゥンの呪文,,,,,
action_mystery_ares_spell,Ares Spell,,,,,,,,,アレスの呪文,,,,,
action_mystery_yamata-no-orochi_spell,Yamata-no-Orochi Spell,,,,,,,,,ヤマタノオロチの呪文,,,,,
action_mystery_freyr_spell,Freyr Spell,,,,,,,,,フレイの呪文,,,,,
action_mystery_hoori_spell,Hoori Spell,,,,,,,,,ホオリの呪文,,,,,
action_mystery_uzume_spell,Uzume Spell,,,,,,,,,ウズメノミコトの呪文,,,,,
action_mystery_poseidon_spell,Poseidon Spell,,,,,,,,,ポセイドンの呪文,,,,,
action_mystery_konohanasakuya-hime_spell,Konohanasakuya-hime Spell,,,,,,,,,コノハナサクヤヒメの呪文,,,,,
action_mystery_iwayahime_spell,Iwayahime Spell,,,,,,,,,イワヤヒメの呪文,,,,,
action_mystery_verdandi_spell,Verdandi Spell,,,,,,,,,ヴェルダンディの呪文,,,,,
action_mystery_narvi_spell,Narvi Spell,,,,,,,,,ナルヴィの呪文,,,,,
action_mystery_gudrun_spell,Gudrun Spell,,,,,,,,,グズルーンの呪文,,,,,
action_mystery_honer_spell,Honer Spell,,,,,,,,,ハーニアの呪文,,,,,
action_mystery_mitama_spell,Mitama Spell,,,,,,,,,ミタマヤの呪文,,,,,
action_mystery_tajikarao_spell,Tajikarao Spell,,,,,,,,,タヂカラオの呪文,,,,,
action_mystery_baugi_spell,Baugi Spell,,,,,,,,,バウルの呪文,,,,,
action_mystery_heimdall_spell,Heimdall Spell,,,,,,,,,ヘイムダルの呪文,,,,,
action_mystery_frigg_spell,Frigg Spell,,,,,,,,,フリッグの呪文,,,,,
action_mystery_urd_spell,Urd Spell,,,,,,,,,ウルズの呪文,,,,,
action_mystery_sukunabikona_spell,Sukunabikona Spell,,,,,,,,,スクナヒコナの呪文,,,,,
action_mystery_hrym_spell,Hrym Spell,,,,,,,,,フリムスの呪文,,,,,
action_mystery_odin_spell,Odin Spell,,,,,,,,,オーディンの呪文,,,,,
action_mystery_aphrodite_spell,Aphrodite Spell,,,,,,,,,アフロディーテの呪文,,,,,
action_mystery_loki_spell,Loki Spell,,,,,,,,,ロキの呪文,,,,,
action_mystery_zeus_spell,Zeus Spell,,,,,,,,,ゼウスの呪文,,,,,
action_mystery_athena_spell,Athena Spell,,,,,,,,,アテナの呪文,,,,,
action_mystery_hades_spell,Hades Spell,,,,,,,,,ハデスの呪文,,,,,
action_mystery_kashikone_spell,Kashikone Spell,,,,,,,,,カシコネの呪文,,,,,
action_mystery_kanayamahiko_spell,Kanayamahiko Spell,,,,,,,,,カナヤマヒコの呪文,,,,,
action_mystery_skadi_spell,Skadi Spell,,,,,,,,,スカジの呪文,,,,,
action_mystery_sigyn_spell,Sigyn Spell,,,,,,,,,シギンの呪文,,,,,
action_mystery_skuld_spell,Skuld Spell,,,,,,,,,スクルドの呪文,,,,,
action_mystery_sif_spell,Sif Spell,,,,,,,,,シフの呪文,,,,,
action_mystery_shiotsuchi_spell,Shiotsuchi Spell,,,,,,,,,シオツチノオジの呪文,,,,,
action_mystery_vidarr_spell,Vidarr Spell,,,,,,,,,ヴィーザルの呪文,,,,,
action_mystery_surtr_spell,Surtr Spell,,,,,,,,,スルトの呪文,,,,,
action_mystery_sol_spell,Sol Spell,,,,,,,,,ソールの呪文,,,,,
action_mystery_apollo_spell,Apollo Spell,,,,,,,,,アポロンの呪文,,,,,
action_mystery_isotakeru_spell,Isotakeru Spell,,,,,,,,,イソタケルの呪文,,,,,
action_mystery_artemis_spell,Artemis Spell,,,,,,,,,アルテミスの呪文,,,,,
action_mystery_agni_spell,Agni Spell,,,,,,,,,アグニの呪文,,,,,
action_mystery_hera_spell,Hera Spell,,,,,,,,,ヘラの呪文,,,,,
action_mystery_angrboda_spell,Angrboda Spell,,,,,,,,,アングルボダの呪文,,,,,
action_mystery_hikohohodemi_spell,Hikohohodemi Spell,,,,,,,,,ヒコホホデミの呪文,,,,,
action_mystery_yamahiko_spell,Yamahiko Spell,,,,,,,,,ヤマヒコの呪文,,,,,
action_mystery_omoikane_spell,Omoikane Spell,,,,,,,,,オモイカネの呪文,,,,,
action_mystery_gefjun_spell,Gefjun Spell,,,,,,,,,ゲフィオンの呪文,,,,,
action_mystery_mímir_spell,Mímir Spell,,,,,,,,,ミームの呪文,,,,,
action_mystery_ukanomitama_spell,Ukanomitama Spell,,,,,,,,,ウカノミタマの呪文,,,,,
action_mystery_amaterasu_spell,Amaterasu Spell,,,,,,,,,アマテラスの呪文,,,,,
action_mystery_fenrir_spell,Fenrir Spell,,,,,,,,,フェンリルの呪文,,,,,
action_mystery_amatsumikaboshi_spell,Amatsumikaboshi Spell,,,,,,,,,アマツミカボシの呪文,,,,,
action_mystery_takehazuchi_spell,Takehazuchi Spell,,,,,,,,,タケハヅチの呪文,,,,,
action_mystery_gerd_spell,Gerd Spell,,,,,,,,,ゲルズの呪文,,,,,
action_mystery_takami-musubi_spell,Takami-Musubi Spell,,,,,,,,,タカミムスビの呪文,,,,,
action_mystery_izanami_spell,Izanami Spell,,,,,,,,,イザナミの呪文,,,,,
action_mystery_tiamat_spell,Tiamat Spell,,,,,,,,,ティアマトの呪文,,,,,
action_mystery_takeminakata_spell,Takeminakata Spell,,,,,,,,,タケミナカタの呪文,,,,,
action_mystery_iwanaga-hime_spell,Iwanaga-hime Spell,,,,,,,,,イワナガヒメの呪文,,,,,
action_mystery_watatsumi_spell,Watatsumi Spell,,,,,,,,,ワタツミの呪文,,,,,
action_mystery_ooyamatsumi_spell,Ooyamatsumi Spell,,,,,,,,,オオヤマツミの呪文,,,,,
action_mystery_okuninushi_spell,Okuninushi Spell,,,,,,,,,オオクニヌシの呪文,,,,,
action_mystery_ame-no-wakahiko_spell,Ame-no-Wakahiko Spell,,,,,,,,,アメノワカヒコの呪文,,,,,
action_mystery_hel_spell,Hel Spell,,,,,,,,,ヘルの呪文,,,,,
action_mystery_yggdrasil_spell,Yggdrasil Spell,,,,,,,,,イグドラシルの呪文,,,,,
action_mystery_kamimusubi_spell,Kamimusubi Spell,,,,,,,,,カムムスビの呪文,,,,,
action_mystery_vainamoinen_spell,Vainamoinen Spell,,,,,,,,,ヴァイナモイネンの呪文,,,,,
action_mystery_ilmarinen_spell,Ilmarinen Spell,,,,,,,,,イルマリネンの呪文,,,,,
action_mystery_lemminkäinen_spell,Lemminkäinen Spell,,,,,,,,,レンミンカイネンの呪文,,,,,
action_mystery_louhi_spell,Louhi Spell,,,,,,,,,ルオヒの呪文,,,,,
action_mystery_kullervo_spell,Kullervo Spell,,,,,,,,,コッリの呪文,,,,,
action_mystery_aino_spell,Aino Spell,,,,,,,,,アイノの呪文,,,,,
action_mystery_joukahainen_spell,Joukahainen Spell,,,,,,,,,ヨウカハイネンの呪文,,,,,
action_mystery_marjatta_spell,Marjatta Spell,,,,,,,,,マリャッタの呪文,,,,,
action_mystery_swan_spell,Swan Spell,,,,,,,,,スワンの呪文,,,,,
action_mystery_river of tuonela_spell,River of Tuonela Spell,,,,,,,,,トゥオネラの川の呪文,,,,,
action_mystery_annikki_spell,Annikki Spell,,,,,,,,,アンニッキの呪文,,,,,
action_mystery_maiden of pohjola_spell,Maiden of Pohjola Spell,,,,,,,,,ポホヨラの乙女の呪文,,,,,
action_mystery_ilmatar_spell,Ilmatar Spell,,,,,,,,,イルタモの呪文,,,,,
action_mystery_ukko_spell,Ukko Spell,,,,,,,,,ウッコの呪文,,,,,
action_mystery_den_spell,Den Spell,,,,,,,,,Denの呪文,,,,,
perk_mystery_den_perk,Den Perk,,,,,,,,,Denの特典,,,,,
perk_mystery_secret_perk,Secret Perk,,,,,,,,,謎の特典,,,,,
perk_mystery_forest_guardian_perk,Forest Guardian Perk,,,,,,,,,森の守護者の特典,,,,,
perk_mystery_skyward_perk,Skyward Perk,,,,,,,,,空の特典,,,,,
perk_mystery_mystic_perk,Mystic Perk,,,,,,,,,神秘的な特典,,,,,
perk_mystery_rebirth_perk,Rebirth Perk,,,,,,,,,再生の特典,,,,,
perk_mystery_vision_perk,Vision Perk,,,,,,,,,視覚の特典,,,,,
perk_mystery_harmony_perk,Harmony Perk,,,,,,,,,調和の特典,,,,,
perk_mystery_enigma_perk,Enigma Perk,,,,,,,,,謎解きの特典,,,,,
perk_mystery_void_perk,Void Perk,,,,,,,,,虚無の特典,,,,,
perk_mystery_twilight_perk,Twilight Perk,,,,,,,,,黄昏の特典,,,,,
perk_mystery_dawn_perk,Dawn Perk,,,,,,,,,夜明けの特典,,,,,
perk_mystery_dusk_perk,Dusk Perk,,,,,,,,,夕暮れの特典,,,,,
perk_mystery_serenity_perk,Serenity Perk,,,,,,,,,平静の特典,,,,,
perk_mystery_revenge_perk,Revenge Perk,,,,,,,,,復讐の特典,,,,,
perk_mystery_quest_perk,Quest Perk,,,,,,,,,探求の特典,,,,,
perk_mystery_destiny_perk,Destiny Perk,,,,,,,,,運命の特典,,,,,
perk_mystery_fate_perk,Fate Perk,,,,,,,,,宿命の特典,,,,,
perk_mystery_echo_perk,Echo Perk,,,,,,,,,反響の特典,,,,,
perk_mystery_tide_perk,Tide Perk,,,,,,,,,潮の特典,,,,,
perk_mystery_glow_perk,Glow Perk,,,,,,,,,輝きの特典,,,,,
perk_mystery_starlight_perk,Starlight Perk,,,,,,,,,星明かりの特典,,,,,
perk_mystery_moonlight_perk,Moonlight Perk,,,,,,,,,月明かりの特典,,,,,
perk_mystery_sunlight_perk,Sunlight Perk,,,,,,,,,日光の特典,,,,,
perk_mystery_frost_perk,Frost Perk,,,,,,,,,霜の特典,,,,,
perk_mystery_blizzard_perk,Blizzard Perk,,,,,,,,,吹雪の特典,,,,,
perk_mystery_flare_perk,Flare Perk,,,,,,,,,フレアの特典,,,,,
perk_mystery_glimmer_perk,Glimmer Perk,,,,,,,,,微光の特典,,,,,
perk_mystery_pulse_perk,Pulse Perk,,,,,,,,,脈動の特典,,,,,
perk_mystery_wraith_perk,Wraith Perk,,,,,,,,,亡霊の特典,,,,,
perk_mystery_revenant_perk,Revenant Perk,,,,,,,,,帰還者の特典,,,,,
perk_mystery_phantom_perk,Phantom Perk,,,,,,,,,幻影の特典,,,,,
perk_mystery_shade_perk,Shade Perk,,,,,,,,,影の特典,,,,,
perk_mystery_illusion_perk,Illusion Perk,,,,,,,,,幻の特典,,,,,
perk_mystery_omen_perk,Omen Perk,,,,,,,,,予兆の特典,,,,,
perk_mystery_prophecy_perk,Prophecy Perk,,,,,,,,,予言の特典,,,,,
perk_mystery_forge_perk,Forge Perk,,,,,,,,,鍛造の特典,,,,,
perk_mystery_whisper_perk,Whisper Perk,,,,,,,,,囁きの特典,,,,,
perk_mystery_ember_perk,Ember Perk,,,,,,,,,灯火の特典,,,,,
perk_mystery_dream_perk,Dream Perk,,,,,,,,,夢の特典,,,,,
perk_mystery_reverie_perk,Reverie Perk,,,,,,,,,夢想の特典,,,,,
perk_mystery_nightmare_perk,Nightmare Perk,,,,,,,,,悪夢の特典,,,,,
perk_mystery_pure_perk,Pure Perk,,,,,,,,,純粋の特典,,,,,
perk_mystery_abyss_perk,Abyss Perk,,,,,,,,,深淵の特典,,,,,
perk_mystery_vortex_perk,Vortex Perk,,,,,,,,,渦の特典,,,,,
perk_mystery_torrent_perk,Torrent Perk,,,,,,,,,急流の特典,,,,,
perk_mystery_zephyr_perk,Zephyr Perk,,,,,,,,,そよ風の特典,,,,,
perk_mystery_tempest_perk,Tempest Perk,,,,,,,,,狂飆の特典,,,,,
perk_mystery_gale_perk,Gale Perk,,,,,,,,,強風の特典,,,,,
perk_mystery_storm_perk,Storm Perk,,,,,,,,,嵐の特典,,,,,
perk_mystery_thunderstorm_perk,Thunderstorm Perk,,,,,,,,,雷雨の特典,,,,,
perk_mystery_lightning_perk,Lightning Perk,,,,,,,,,稲妻の特典,,,,,
perk_mystery_hail_perk,Hail Perk,,,,,,,,,雹の特典,,,,,
perk_mystery_squall_perk,Squall Perk,,,,,,,,,突風の特典,,,,,
perk_mystery_breeze_perk,Breeze Perk,,,,,,,,,微風の特典,,,,,
perk_mystery_luster_perk,Luster Perk,,,,,,,,,光沢の特典,,,,,
perk_mystery_spark_perk,Sparkle Perk,,,,,,,,,煌きの特典,,,,,
perk_mystery_gleam_perk,Gleam Perk,,,,,,,,,春光の特典,,,,,
perk_mystery_flash_perk,Flash Perk,,,,,,,,,閃光の特典,,,,,
perk_mystery_illumination_perk,Illumination Perk,,,,,,,,,照明の特典,,,,,
perk_mystery_beacon_perk,Beacon Perk,,,,,,,,,灯台の特典,,,,,
perk_mystery_lantern_perk,Lantern Perk,,,,,,,,,ランタンの特典,,,,,
perk_mystery_blaze_perk,Blaze Perk,,,,,,,,,獄炎の特典,,,,,
perk_mystery_burn_perk,Burn Perk,,,,,,,,,燃焼の特典,,,,,
perk_mystery_flame_perk,Flame Perk,,,,,,,,,炎の特典,,,,,
perk_mystery_fire_perk,Fire Perk,,,,,,,,,火の特典,,,,,
perk_mystery_inferno_perk,Inferno Perk,,,,,,,,,地獄の特典,,,,,
perk_mystery_volcano_perk,Volcano Perk,,,,,,,,,火山の特典,,,,,
perk_mystery_eruption_perk,Eruption Perk,,,,,,,,,噴火の特典,,,,,
perk_mystery_lava_perk,Lava Perk,,,,,,,,,溶岩の特典,,,,,
perk_mystery_magma_perk,Magma Perk,,,,,,,,,マグマの特典,,,,,
perk_mystery_crimson_perk,Crimson Perk,,,,,,,,,深紅の特典,,,,,
perk_mystery_scarlet_perk,Scarlet Perk,,,,,,,,,緋色の特典,,,,,
perk_mystery_ruby_perk,Ruby Perk,,,,,,,,,ルビーの特典,,,,,
perk_mystery_garnet_perk,Garnet Perk,,,,,,,,,ガーネットの特典,,,,,
perk_mystery_amber_perk,Amber Perk,,,,,,,,,琥珀の特典,,,,,
perk_mystery_topaz_perk,Topaz Perk,,,,,,,,,トパーズの特典,,,,,
perk_mystery_sapphire_perk,Sapphire Perk,,,,,,,,,サファイアの特典,,,,,
perk_mystery_emerald_perk,Emerald Perk,,,,,,,,,エメラルドの特典,,,,,
perk_mystery_jade_perk,Jade Perk,,,,,,,,,翡翠の特典,,,,,
perk_mystery_amethyst_perk,Amethyst Perk,,,,,,,,,アメジストの特典,,,,,
perk_mystery_peridot_perk,Peridot Perk,,,,,,,,,ペリドットの特典,,,,,
perk_mystery_onyx_perk,Onyx Perk,,,,,,,,,オニキスの特典,,,,,
perk_mystery_obsidian_perk,Obsidian Perk,,,,,,,,,黒曜石の特典,,,,,
perk_mystery_diamond_perk,Diamond Perk,,,,,,,,,ダイヤモンドの特典,,,,,
perk_mystery_quartz_perk,Quartz Perk,,,,,,,,,水晶の特典,,,,,
perk_mystery_opal_perk,Opal Perk,,,,,,,,,オパールの特典,,,,,
perk_mystery_pearl_perk,Pearl Perk,,,,,,,,,真珠の特典,,,,,
perk_mystery_coral_perk,Coral Perk,,,,,,,,,珊瑚の特典,,,,,
perk_mystery_ivory_perk,Ivory Perk,,,,,,,,,象牙の特典,,,,,
perk_mystery_citrine_perk,Citrine Perk,,,,,,,,,シトリンの特典,,,,,
perk_mystery_ametrine_perk,Ametrine Perk,,,,,,,,,アメトリンの特典,,,,,
perk_mystery_rose_quartz_perk,Rose Quartz Perk,,,,,,,,,ローズクォーツの特典,,,,,
perk_mystery_turquoise_perk,Turquoise Perk,,,,,,,,,ターコイズの特典,,,,,
perk_mystery_lapis_lazuli_perk,Lapis Lazuli Perk,,,,,,,,,ラピスラズリの特典,,,,,
perk_mystery_moonstone_perk,Moonstone Perk,,,,,,,,,ムーンストーンの特典,,,,,
perk_mystery_galaxy_perk,Galaxy Perk,,,,,,,,,銀河の特典,,,,,
perk_mystery_universe_perk,Universe Perk,,,,,,,,,宇宙の特典,,,,,
perk_mystery_cosmos_perk,Cosmos Perk,,,,,,,,,コスモスの特典,,,,,
perk_mystery_nebula_perk,Nebula Perk,,,,,,,,,星雲の特典,,,,,
perk_mystery_constellation_perk,Constellation Perk,,,,,,,,,星座の特典,,,,,
perk_mystery_comet_perk,Comet Perk,,,,,,,,,彗星の特典,,,,,
perk_mystery_meteor_perk,Meteor Perk,,,,,,,,,流星の特典,,,,,
perk_mystery_planet_perk,Planet Perk,,,,,,,,,惑星の特典,,,,,
perk_mystery_satellite_perk,Satellite Perk,,,,,,,,,衛星の特典,,,,,
perk_mystery_asteroid_perk,Asteroid Perk,,,,,,,,,小惑星の特典,,,,,
perk_mystery_black_hole_perk,Black Hole Perk,,,,,,,,,ブラックホールの特典,,,,,
perk_mystery_supernova_perk,Supernova Perk,,,,,,,,,超新星の特典,,,,,
perk_mystery_quasar_perk,Quasar Perk,,,,,,,,,クエーサーの特典,,,,,
perk_mystery_pulsar_perk,Pulsar Perk,,,,,,,,,パルサーの特典,,,,,
perk_mystery_gravity_perk,Gravity Perk,,,,,,,,,重力の特典,,,,,
perk_mystery_wormhole_perk,Wormhole Perk,,,,,,,,,ワームホールの特典,,,,,
perk_mystery_dark_matter_perk,Dark Matter Perk,,,,,,,,,暗黒物質の特典,,,,,
perk_mystery_antimatter_perk,Antimatter Perk,,,,,,,,,反物質の特典,,,,,
perk_mystery_dimensional_perk,Dimensional Perk,,,,,,,,,次元の特典,,,,,
perk_mystery_multiverse_perk,Multiverse Perk,,,,,,,,,多元宇宙の特典,,,,,
perk_mystery_aurora_perk,Aurora Perk,,,,,,,,,オーロラの特典,,,,,
perk_mystery_rainbow_perk,Rainbow Perk,,,,,,,,,虹の特典,,,,,
perk_mystery_mirage_perk,Mirage Perk,,,,,,,,,蜃気楼の特典,,,,,
perk_mystery_horizon_perk,Horizon Perk,,,,,,,,,地平線の特典,,,,,
perk_mystery_oasis_perk,Oasis Perk,,,,,,,,,オアシスの特典,,,,,
perk_mystery_mystery_island_perk,Mystery Island Perk,,,,,,,,,謎の島の特典,,,,,
perk_mystery_shore_perk,Shore Perk,,,,,,,,,海岸の特典,,,,,
perk_mystery_drift_perk,Drift Perk,,,,,,,,,漂流の特典,,,,,
perk_mystery_wave_perk,Wave Perk,,,,,,,,,波の特典,,,,,
perk_mystery_ripple_perk,Ripple Perk,,,,,,,,,波紋の特典,,,,,
perk_mystery_whirlpool_perk,Whirlpool Perk,,,,,,,,,渦潮の特典,,,,,
perk_mystery_reef_perk,Reef Perk,,,,,,,,,珊瑚礁の特典,,,,,
perk_mystery_lagoon_perk,Lagoon Perk,,,,,,,,,ラグーンの特典,,,,,
perk_mystery_bay_perk,Bay Perk,,,,,,,,,湾の特典,,,,,
perk_mystery_fjord_perk,Fjord Perk,,,,,,,,,フィヨルドの特典,,,,,
perk_mystery_harbor_perk,Harbor Perk,,,,,,,,,港の特典,,,,,
perk_mystery_river_perk,River Perk,,,,,,,,,川の特典,,,,,
perk_mystery_creek_perk,Creek Perk,,,,,,,,,小川の特典,,,,,
perk_mystery_brook_perk,Brook Perk,,,,,,,,,流れ水の特典,,,,,
perk_mystery_stream_perk,Stream Perk,,,,,,,,,流程の特典,,,,,
perk_mystery_tributary_perk,Tributary Perk,,,,,,,,,支流の特典,,,,,
perk_mystery_fountain_perk,Fountain Perk,,,,,,,,,噴水の特典,,,,,
perk_mystery_spring_perk,Spring Perk,,,,,,,,,泉の特典,,,,,
perk_mystery_waterfall_perk,Waterfall Perk,,,,,,,,,滝の特典,,,,,
perk_mystery_cascade_perk,Cascade Perk,,,,,,,,,小滝の特典,,,,,
perk_mystery_rapids_perk,Rapids Perk,,,,,,,,,激流の特典,,,,,
perk_mystery_pool_perk,Pool Perk,,,,,,,,,プールの特典,,,,,
perk_mystery_lake_perk,Lake Perk,,,,,,,,,湖の特典,,,,,
perk_mystery_pond_perk,Pond Perk,,,,,,,,,池の特典,,,,,
perk_mystery_marsh_perk,Marsh Perk,,,,,,,,,沼地の特典,,,,,
perk_mystery_swamp_perk,Swamp Perk,,,,,,,,,湿地の特典,,,,,
perk_mystery_bog_perk,Bog Perk,,,,,,,,,泥炭地の特典,,,,,
perk_mystery_fen_perk,Fen Perk,,,,,,,,,低湿地の特典,,,,,
perk_mystery_mangrove_perk,Mangrove Perk,,,,,,,,,マングローブの特典,,,,,
perk_mystery_delta_perk,Delta Perk,,,,,,,,,デルタの特典,,,,,
perk_mystery_estuary_perk,Estuary Perk,,,,,,,,,河口の特典,,,,,
perk_mystery_inlet_perk,Inlet Perk,,,,,,,,,入り江の特典,,,,,
perk_mystery_channel_perk,Channel Perk,,,,,,,,,運河の特典,,,,,
perk_mystery_strait_perk,Strait Perk,,,,,,,,,海峡の特典,,,,,
perk_mystery_passage_perk,Passage Perk,,,,,,,,,航路の特典,,,,,
perk_mystery_chasm_perk,Chasm Perk,,,,,,,,,隔絶の特典,,,,,
perk_mystery_gorge_perk,Gorge Perk,,,,,,,,,峡谷の特典,,,,,
perk_mystery_canyon_perk,Canyon Perk,,,,,,,,,渓谷の特典,,,,,
perk_mystery_valley_perk,Valley Perk,,,,,,,,,谷の特典,,,,,
perk_mystery_cliff_perk,Cliff Perk,,,,,,,,,崖の特典,,,,,
perk_mystery_ridge_perk,Ridge Perk,,,,,,,,,尾根の特典,,,,,
perk_mystery_peak_perk,Peak Perk,,,,,,,,,頂上の特典,,,,,
perk_mystery_summit_perk,Summit Perk,,,,,,,,,山頂の特典,,,,,
perk_mystery_plateau_perk,Plateau Perk,,,,,,,,,台地の特典,,,,,
perk_mystery_butte_perk,Butte Perk,,,,,,,,,孤立丘の特典,,,,,
perk_mystery_basin_perk,Basin Perk,,,,,,,,,盆地の特典,,,,,
perk_mystery_hill_perk,Hill Perk,,,,,,,,,丘の特典,,,,,
perk_mystery_knoll_perk,Knoll Perk,,,,,,,,,小丘の特典,,,,,
perk_mystery_mound_perk,Mound Perk,,,,,,,,,塚の特典,,,,,
perk_mystery_dune_perk,Dune Perk,,,,,,,,,砂丘の特典,,,,,
perk_mystery_foothill_perk,Foothill Perk,,,,,,,,,丘陵の特典,,,,,
perk_mystery_headland_perk,Headland Perk,,,,,,,,,岬の特典,,,,,
perk_mystery_peninsula_perk,Peninsula Perk,,,,,,,,,半島の特典,,,,,
perk_mystery_isthmus_perk,Isthmus Perk,,,,,,,,,地峡の特典,,,,,
perk_mystery_island_perk,Island Perk,,,,,,,,,島の特典,,,,,
perk_mystery_atoll_perk,Atoll Perk,,,,,,,,,環礁の特典,,,,,
perk_mystery_archipelago_perk,Archipelago Perk,,,,,,,,,群島の特典,,,,,
perk_mystery_cave_perk,Cave Perk,,,,,,,,,洞窟の特典,,,,,
perk_mystery_cavern_perk,Cavern Perk,,,,,,,,,大洞窟の特典,,,,,
perk_mystery_tunnel_perk,Tunnel Perk,,,,,,,,,トンネルの特典,,,,,
perk_mystery_chamber_perk,Chamber Perk,,,,,,,,,部屋の特典,,,,,
perk_mystery_hall_perk,Hall Perk,,,,,,,,,ホールの特典,,,,,
perk_mystery_corridor_perk,Corridor Perk,,,,,,,,,回廊の特典,,,,,
perk_mystery_lair_perk,Lair Perk,,,,,,,,,アジトの特典,,,,,
perk_mystery_den_perk,Den Perk,,,,,,,,,巣穴の特典,,,,,
perk_mystery_hideout_perk,Hideout Perk,,,,,,,,,隠れ家の特典,,,,,
perk_mystery_refuge_perk,Refuge Perk,,,,,,,,,避難所の特典,,,,,
perk_mystery_sanctuary_perk,Sanctuary Perk,,,,,,,,,聖域の特典,,,,,
perk_mystery_haven_perk,Haven Perk,,,,,,,,,安息地の特典,,,,,
perk_mystery_fortress_perk,Fortress Perk,,,,,,,,,要塞の特典,,,,,
perk_mystery_bastion_perk,Bastion Perk,,,,,,,,,砦の特典,,,,,
perk_mystery_castle_perk,Castle Perk,,,,,,,,,城の特典,,,,,
perk_mystery_palace_perk,Palace Perk,,,,,,,,,宮殿の特典,,,,,
perk_mystery_citadel_perk,Citadel Perk,,,,,,,,,城塞の特典,,,,,
perk_mystery_tower_perk,Tower Perk,,,,,,,,,塔の特典,,,,,
perk_mystery_spire_perk,Spire Perk,,,,,,,,,尖塔の特典,,,,,
perk_mystery_keep_perk,Keep Perk,,,,,,,,,天守の特典,,,,,
perk_mystery_dungeon_perk,Dungeon Perk,,,,,,,,,地下牢の特典,,,,,
perk_mystery_vault_perk,Vault Perk,,,,,,,,,金庫の特典,,,,,
perk_mystery_catacomb_perk,Catacomb Perk,,,,,,,,,地下墓地の特典,,,,,
perk_mystery_crypt_perk,Crypt Perk,,,,,,,,,納骨堂の特典,,,,,
perk_mystery_mausoleum_perk,Mausoleum Perk,,,,,,,,,霊廟の特典,,,,,
perk_mystery_grave_perk,Grave Perk,,,,,,,,,墓の特典,,,,,
perk_mystery_cemetery_perk,Cemetery Perk,,,,,,,,,墓地の特典,,,,,
perk_mystery_necropolis_perk,Necropolis Perk,,,,,,,,,死者の街の特典,,,,,
perk_mystery_shrine_perk,Shrine Perk,,,,,,,,,神社の特典,,,,,
perk_mystery_temple_perk,Temple Perk,,,,,,,,,寺院の特典,,,,,
perk_mystery_monastery_perk,Monastery Perk,,,,,,,,,修道院の特典,,,,,
perk_mystery_church_perk,Church Perk,,,,,,,,,教会の特典,,,,,
perk_mystery_cathedral_perk,Cathedral Perk,,,,,,,,,大聖堂の特典,,,,,
perk_mystery_chapel_perk,Chapel Perk,,,,,,,,,礼拝堂の特典,,,,,
perk_mystery_nunnery_perk,Nunnery Perk,,,,,,,,,尼僧院の特典,,,,,
perk_mystery_reliquary_perk,Reliquary Perk,,,,,,,,,聖遺物の特典,,,,,
perk_mystery_basilica_perk,Basilica Perk,,,,,,,,,バシリカの特典,,,,,
perk_mystery_chancery_perk,Chancery Perk,,,,,,,,,官房の特典,,,,,
perk_mystery_scriptorium_perk,Scriptorium Perk,,,,,,,,,写本室の特典,,,,,
perk_mystery_sacristy_perk,Sacristy Perk,,,,,,,,,聖具室の特典,,,,,
actiondesc_mystery_secret_spell,This spell has not been clarified...,,,,,,,,,この呪文は解明されていない...,,,,,
perkdesc_mystery_secret_perk,This perk has not been clarified...,,,,,,,,,この特典は解明されていない...,,,,,
mystery_spells_and_perks.opening_up_the_mystery,The mystery has been solved,,,,,,,,,謎は解明されました,,,,,
mystery_spells_and_perks.dummy_spell_title, Dummy Spells,,,,,,,,,ダミー呪文,,,,,
mystery_spells_and_perks.dummy_perk_title, Dummy Perks,,,,,,,,,ダミー特典,,,,,
