mystery_spells_and_perks.perkdesc_critical_hit,"==This perk might possibly be something like the following==\nYou get more critical hits",,,,,,,,,"==この特典はおそらく以下の説明文のようなものです==\nクリティカルヒットの確率が増加",,,,,,,,,,,,,,
mystery_spells_and_perks.perkdesc_breath_underwater,"==This perk might possibly be something like the following==\nYou won't drown when submerged.",,,,,,,,,"==この特典はおそらく以下の説明文のようなものです==\n浸水した時に溺れない",,,,,,,,,,,,,,
mystery_spells_and_perks.perkdesc_extra_money,"==This perk might possibly be something like the following==\nYou gain double the gold per nugget.",,,,,,,,,"==この特典はおそらく以下の説明文のようなものです==\n1つの金塊につき、2倍ゴールドを獲得する。",,,,,,,,,,,,,,
mystery_spells_and_perks.perkdesc_extra_money_trick_kill,"==This perk might possibly be something like the following==\n4x instead of 2x gold is dropped when death is an accident.",,,,,,,,,"==この特典はおそらく以下の説明文のようなものです==\n死亡が事故によって起こった場合、2倍ではなく4倍のゴールドが落とされる。",,,,,,,,,,,,,,
mystery_spells_and_perks.perkdesc_hover_boost,"==This perk might possibly be something like the following==\nYou can fly 100% longer.",,,,,,,,,"==この特典はおそらく以下の説明文のようなものです==\n100%更に長く飛ぶことができる。",,,,,,,,,,,,,,
mystery_spells_and_perks.perkdesc_movement_faster,"==This perk might possibly be something like the following==\nYour movement speed is increased.",,,,,,,,,"==この特典はおそらく以下の説明文のようなものです==\n移動速度が増加される。",,,,,,,,,,,,,,
mystery_spells_and_perks.perkdesc_repelling_cape,"==This perk might possibly be something like the following==\nStains drop at a fast rate (when moving).",,,,,,,,,"==この特典はおそらく以下の説明文のようなものです==\nシミが速い速度で落ちる(移動時)。",,,,,,,,,,,,,,
mystery_spells_and_perks.perkdesc_exploding_corpses,"==This perk might possibly be something like the following==\nEnemies explode upon death.",,,,,,,,,"==この特典はおそらく以下の説明文のようなものです==\n敵が死亡時に爆発する。",,,,,,,,,,,,,,
mystery_spells_and_perks.perkdesc_saving_grace,"==This perk might possibly be something like the following==\nIf you would die and have more than 1 HP, your HP is set to 1 instead.",,,,,,,,,"==この特典はおそらく以下の説明文のようなものです==\nあなたが死にそうでHPが1以上ある場合、HPが1に設定される。",,,,,,,,,,,,,,
mystery_spells_and_perks.perkdesc_invisibility,"==This perk might possibly be something like the following==\nYou're invisible. Stains, casting spells, kicking and taking damage makes you temporarily visible.",,,,,,,,,"==この特典はおそらく以下の説明文のようなものです==\n透明になる。シミ、呪文詠唱、蹴り、ダメージを受けることでこの効果が一時的に取り除かれる。",,,,,,,,,,,,,,
mystery_spells_and_perks.perkdesc_global_gore,"==This perk might possibly be something like the following==\nBlood blood blood.",,,,,,,,,"==この特典はおそらく以下の説明文のようなものです==\n血、血、血。",,,,,,,,,,,,,,
mystery_spells_and_perks.perkdesc_no_damage_flash,"==This perk might possibly be something like the following==\nPain is inevitable, but damage flash is optional.",,,,,,,,,"==この特典はおそらく以下の説明文のようなものです==\n痛みを避けることはできないが、肉の破損は任意。",,,,,,,,,,,,,,
mystery_spells_and_perks.perkdesc_reverse_slowdown,"==This perk might possibly be something like the following==\nInstead of slowing you down, slime allows you to move faster.",,,,,,,,,"==この特典はおそらく以下の説明文のようなものです==\n移動速度が遅くなる代わりに、このスライムのおかげで移動速度が速くなる。",,,,,,,,,,,,,,
mystery_spells_and_perks.perkdesc_extra_hp,"==This perkmight possibly be something like the following==\nYou gain 50% extra maximum health.",,,,,,,,,"==この特典はおそらく以下の説明文のようなものです==\n50%の追加最大ヘルス。",,,,,,,,,,,,,,
mystery_spells_and_perks.perkdesc_glass_cannon,"==This perk might possibly be something like the following==\nYour spells deal 5x damage and have larger blast ranges, but your maximum health is capped to 50.",,,,,,,,,"==この特典はおそらく以下の説明文のようなものです==\nあなたの呪文が5倍ダメージを与え、更に大きな爆破範囲に広がるが、最大ヘルスが50に制限される。",,,,,,,,,,,,,,
mystery_spells_and_perks.perkdesc_respawn,"==This perk might possibly be something like the following==\nUpon death you respawn with 100 health.",,,,,,,,,"==この特典はおそらく以下の説明文のようなものです==\n死亡時に100ヘルスで再出現する。",,,,,,,,,,,,,,
mystery_spells_and_perks.perkdesc_protection_fire,"==This perk might possibly be something like the following==\nYou take no damage from fire.",,,,,,,,,"==この特典はおそらく以下の説明文のようなものです==\n火からダメージを受けることがなくなる。",,,,,,,,,,,,,,
mystery_spells_and_perks.perkdesc_protection_radioactivity,"==This perk might possibly be something like the following==\nYou take no damage from toxic sludge.",,,,,,,,,"==この特典はおそらく以下の説明文のようなものです==\n猛毒ヘドロからダメージを受けることがなくなる。",,,,,,,,,,,,,,
mystery_spells_and_perks.perkdesc_protection_explosion,"==This perk might possibly be something like the following==\nYou take no direct damage from explosions.",,,,,,,,,"==この特典はおそらく以下の説明文のようなものです==\n爆破から直接ダメージを受けることがなくなる。",,,,,,,,,,,,,,
mystery_spells_and_perks.perkdesc_protection_melee,"==This perk might possibly be something like the following==\nYou take no damage from close-range enemy attacks.",,,,,,,,,"==この特典はおそらく以下の説明文のようなものです==\n敵による近距離の攻撃からダメージを受けることがなくなる。",,,,,,,,,,,,,,
mystery_spells_and_perks.perkdesc_protection_electricity,"==This perk might possibly be something like the following==\nYou take no damage from electric shocks.",,,,,,,,,"==この特典はおそらく以下の説明文のようなものです==\n電撃ショックからダメージを受けることがなくなる。",,,,,,,,,,,,,,
mystery_spells_and_perks.perkdesc_teleportitis,"==This perk might possibly be something like the following==\nYou take 20% less damage. You teleport away every time you're hurt.",,,,,,,,,"==この特典はおそらく以下の説明文のようなものです==\nダメージが20%減少する。毎回ダメージを受けるごとに、あなたがテレポートする。",,,,,,,,,,,,,,
mystery_spells_and_perks.perkdesc_stainless_armour,"==This perk might possibly be something like the following==\nYou take 50% less damage as long as you have no active stain status effect.",,,,,,,,,"==この特典はおそらく以下の説明文のようなものです==\nアクティブなシミ効果の影響を受けていなければ、50%減のダメージを受ける。",,,,,,,,,,,,,,
mystery_spells_and_perks.perkdesc_edit_wands_everywhere,"==This perk might possibly be something like the following==\nA divine blessing allows you to tinker with wands everywhere.",,,,,,,,,"==この特典はおそらく以下の説明文のようなものです==\n神の祝福により、どこにいても杖を改良することができるようになる。",,,,,,,,,,,,,,
mystery_spells_and_perks.perkdesc_projectile_homing,"==This perk might possibly be something like the following==\nYour spells home towards enemies very slightly.",,,,,,,,,"==この特典はおそらく以下の説明文のようなものです==\n全ての呪文が、少しだけ敵の方に向かって行く。",,,,,,,,,,,,,,
mystery_spells_and_perks.perkdesc_freeze_field,"==This perk might possibly be something like the following==\nLiquids freeze in your presence.",,,,,,,,,"==この特典はおそらく以下の説明文のようなものです==\n周辺の液体を凍らせる。",,,,,,,,,,,,,,
mystery_spells_and_perks.perkdesc_dissolve_powders,"==This perk might possibly be something like the following==\nSand and other soft, powdery materials dissolve quickly in your presence.",,,,,,,,,"==この特典はおそらく以下の説明文のようなものです==\n砂やその他の細かな粉素材は、あなたがいると素早く溶解する。",,,,,,,,,,,,,,
mystery_spells_and_perks.perkdesc_shield,"==This perk might possibly be something like the following==\nYou gain a small, permanent shield.",,,,,,,,,"==この特典はおそらく以下の説明文のようなものです==\n小さいが、永久のシールドを獲得する。",,,,,,,,,,,,,,
mystery_spells_and_perks.perkdesc_revenge_explosion,"==This perk might possibly be something like the following==\nWhen you take damage, you release a magical explosion that hurts enemies around you.",,,,,,,,,"==この特典はおそらく以下の説明文のようなものです==\nあなたがダメージを受ける時に、周囲にいる敵にダメージを与える魔法の爆破を引き起こす。",,,,,,,,,,,,,,
mystery_spells_and_perks.perkdesc_electricity,"==This perk might possibly be something like the following==\nYou're immune to electric damage, but metal and liquids around you electrify constantly. Look out!",,,,,,,,,"==この特典はおそらく以下の説明文のようなものです==\nあなたは電撃ダメージに対して免疫を持っているが、周辺の鉄や液体は絶えず感電する。気を付けて！",,,,,,,,,,,,,,
mystery_spells_and_perks.perkdesc_mystery_eggplant,"==This perk might possibly be something like the following==\nIt breaks easily.",,,,,,,,,"==この特典はおそらく以下の説明文のようなものです==\n簡単に壊れる。",,,,,,,,,,,,,,
mystery_spells_and_perks.perkdesc_double_hp,"==This perk might possibly be something like the following==\nYour maximum HP is doubled, but you take 20% more damage from projectiles.",,,,,,,,,"==この特典はおそらく以下の説明文のようなものです==\nあなたの最大HPは2倍になっているが、放射物によるダメージが20%増になる。",,,,,,,,,,,,,,
mystery_spells_and_perks.perkdesc_berserk,"==This perk might possibly be something like the following==\nThe less HP you have, the more damage your spells deal, up to +300% extra damage.",,,,,,,,,"==この特典はおそらく以下の説明文のようなものです==\nHPが少ないほど、あなたの呪文が与えるダメージが増え、最大で300%増の追加ダメージになる。",,,,,,,,,,,,,,
mystery_spells_and_perks.perkdesc_shuffle_wands,"==This perk might possibly be something like the following==\nAll your wands are replaced with random wands of approximately equal power.",,,,,,,,,"==この特典はおそらく以下の説明文のようなものです==\nあなたの杖が、大体同じパワーのランダムな杖と入れ替えられる。",,,,,,,,,,,,,,
mystery_spells_and_perks.perkdesc_heavy_ammo,"==This perk might possibly be something like the following==\nYou gain a selection of 2 powerful spells.",,,,,,,,,"==この特典はおそらく以下の説明文のようなものです==\n瞬時に2種類の強力な呪文を獲得する。",,,,,,,,,,,,,,
mystery_spells_and_perks.perkdesc_liquid_movement,"==This perk might possibly be something like the following==\nLiquids don't affect your movement at all.",,,,,,,,,"==この特典はおそらく以下の説明文のようなものです==\n液体はあなたの移動に全く影響を与えない。",,,,,,,,,,,,,,
mystery_spells_and_perks.perkdesc_faster_swimming,"==This perk might possibly be something like the following==\nYou swim faster.",,,,,,,,,"==この特典はおそらく以下の説明文のようなものです==\n水泳速度が速くなる。",,,,,,,,,,,,,,
mystery_spells_and_perks.perkdesc_extra_shop_item,"==This perk might possibly be something like the following==\nThere will be an additional item in every Holy Mountain you haven't discovered yet.",,,,,,,,,"==この特典はおそらく以下の説明文のようなものです==\nまだ行った事のない聖なる山すべてに追加アイテムが加わる。",,,,,,,,,,,,,,
mystery_spells_and_perks.perkdesc_poison_burn,"==This perk might possibly be something like the following==\nYour projectiles have a chance to ignite poisoned enemies.",,,,,,,,,"==この特典はおそらく以下の説明文のようなものです==\nあなたの放射物が毒に侵された敵に点火する可能性がある。",,,,,,,,,,,,,,
mystery_spells_and_perks.perkdesc_low_gravity,"==This perk might possibly be something like the following==\nYour movement is floatier and you can jump and fly higher.",,,,,,,,,"==この特典はおそらく以下の説明文のようなものです==\nあなたの動きがフワフワし、更に高くジャンプをしたり飛んだりできるようになる。",,,,,,,,,,,,,,
mystery_spells_and_perks.perkdesc_destruction_enchancement,"==This perk might possibly be something like the following==\nYou can destroy the environment more effectively.",,,,,,,,,"==この特典はおそらく以下の説明文のようなものです==\n更に効率的に環境を破壊できるようになる。",,,,,,,,,,,,,,
mystery_spells_and_perks.perkdesc_damaging_aura,"==This perk might possibly be something like the following==\nYour spells damage nearby enemies even if they don't hit them.",,,,,,,,,"==この特典はおそらく以下の説明文のようなものです==\nあなたの呪文が当たらなくても、周辺の敵にダメージが与えられる。",,,,,,,,,,,,,,
mystery_spells_and_perks.perkdesc_thunder_kick,"==This perk might possibly be something like the following==\nYour kicks instantly kill most foes, and push objects more.",,,,,,,,,"==この特典はおそらく以下の説明文のようなものです==\nあなたの蹴りがほとんどの敵を瞬時に倒し、オブジェクトを更に強く押す。",,,,,,,,,,,,,,
mystery_spells_and_perks.perkdesc_vision,"==This perk might possibly be something like the following==\nYou can see more into the darkness.",,,,,,,,,"==この特典はおそらく以下の説明文のようなものです==\n暗闇でも視界が効くようになる。",,,,,,,,,,,,,,
mystery_spells_and_perks.perkdesc_telepathic_vision,"==This perk might possibly be something like the following==\nDarkness is no more, but enemies always know where you are.",,,,,,,,,"==この特典はおそらく以下の説明文のようなものです==\n暗闇はないが、敵が常にあなたの居場所を知るようになる。",,,,,,,,,,,,,,
mystery_spells_and_perks.perkdesc_no_more_knockback,"==This perk might possibly be something like the following==\nEnemies can no longer knock you back.",,,,,,,,,"==この特典はおそらく以下の説明文のようなものです==\n敵があなたをノックバックできなくなる。",,,,,,,,,,,,,,
mystery_spells_and_perks.perkdesc_knockback_control,"==This perk might possibly be something like the following==\nYou can steer while being knocked back.",,,,,,,,,"==この特典はおそらく以下の説明文のようなものです==\nノックバックされている時に操作ができる。",,,,,,,,,,,,,,
mystery_spells_and_perks.perkdesc_roll_again,"==This perk might possibly be something like the following==\nYou get a new set of perks to choose from.",,,,,,,,,"==この特典はおそらく以下の説明文のようなものです==\n新しい特典セットを獲得する。",,,,,,,,,,,,,,
mystery_spells_and_perks.perkdesc_reveal_secrets,"==This perk might possibly be something like the following==\nChests, hearts and other items shine through darkness.",,,,,,,,,"==この特典はおそらく以下の説明文のようなものです==\n箱、ハートやその他のアイテムが闇の中で光る。",,,,,,,,,,,,,,
mystery_spells_and_perks.perkdesc_potion_drop,"==This perk might possibly be something like the following==\nEnemies have a chance of dropping a random potion upon death.",,,,,,,,,"==この特典はおそらく以下の説明文のようなものです==\n敵が死亡時に、ランダムなポーションを落とす可能性がある。",,,,,,,,,,,,,,
mystery_spells_and_perks.perkdesc_mystery_egg,"==This perk might possibly be something like the following==\nSomething may hatch from it!",,,,,,,,,"==この特典はおそらく以下の説明文のようなものです==\n何かが孵化するかもしれない！",,,,,,,,,,,,,,
mystery_spells_and_perks.perkdesc_gold_no_disappear_while_seen,"==This perk might possibly be something like the following==\nGold doesn't disappear as long as it can be seen.",,,,,,,,,"==この特典はおそらく以下の説明文のようなものです==\n目視できる限り、ゴールドが消えなくなる。",,,,,,,,,,,,,,
mystery_spells_and_perks.perkdesc_mana_discount,"==This perk might possibly be something like the following==\nAll spells cost 50% less mana.",,,,,,,,,"==この特典はおそらく以下の説明文のようなものです==\n全ての呪文の値段がマイナス50%マナになる。",,,,,,,,,,,,,,
mystery_spells_and_perks.perkdesc_juggernaut,"==This perk might possibly be something like the following==\nYour projectiles deal 30% more damage, but are 30% slower.",,,,,,,,,"==この特典はおそらく以下の説明文のようなものです==\n全ての放射物が30%増のダメージを与えるが、速度は30%落ちる。",,,,,,,,,,,,,,
mystery_spells_and_perks.perkdesc_big_potions,"==This perk might possibly be something like the following==\nPotions you find contain double the liquid.",,,,,,,,,"==この特典はおそらく以下の説明文のようなものです==\n発見するポーションに2倍の液体が含まれる。",,,,,,,,,,,,,,
mystery_spells_and_perks.perkdesc_extra_charges,"==This perk might possibly be something like the following==\nSpells with limited uses can be used twice as many times.",,,,,,,,,"==この特典はおそらく以下の説明文のようなものです==\n使用回数に限りのある呪文の最大使用数が2倍になる。",,,,,,,,,,,,,,
mystery_spells_and_perks.perkdesc_fast_projectiles,"==This perk might possibly be something like the following==\nAll projectiles fly at double speed.",,,,,,,,,"==この特典はおそらく以下の説明文のようなものです==\n全ての放射物が2倍の速度で飛ぶ。",,,,,,,,,,,,,,
mystery_spells_and_perks.perkdesc_deadly_environment,"==This perk might possibly be something like the following==\nCreatures take increased damage from poison and other liquids, fire, and more.",,,,,,,,,"==この特典はおそらく以下の説明文のようなものです==\n敵が毒やその他液体、火などから増加したダメージを受ける。",,,,,,,,,,,,,,
mystery_spells_and_perks.perkdesc_cursed_power,"==This perk might possibly be something like the following==\nAll your wands gain extra damage but become uncustomizable.",,,,,,,,,"==この特典はおそらく以下の説明文のようなものです==\nあなたの杖全てが追加ダメージを獲得するが、カスタマイズができなくなる。",,,,,,,,,,,,,,
mystery_spells_and_perks.perkdesc_randomize_spells,"==This perk might possibly be something like the following==\nAll spells in your inventory are replaced with a random spell.",,,,,,,,,"==この特典はおそらく以下の説明文のようなものです==\n所持品にある全ての呪文が、ランダムな新しい呪文と入れ替えられる。",,,,,,,,,,,,,,
mystery_spells_and_perks.perkdesc_personal_raincloud,"==This perk might possibly be something like the following==\nYou gather water when standing in a pool, and release it if you shoot at the cloud that follows you.",,,,,,,,,"==この特典はおそらく以下の説明文のようなものです==\n水たまりに立っていると水が集まり、自分について回る雲を撃つと放出する。",,,,,,,,,,,,,,
mystery_spells_and_perks.perkdesc_helper_orb,"==This perk might possibly be something like the following==\nAn orb flies near you and attacks your enemies.",,,,,,,,,"==この特典はおそらく以下の説明文のようなものです==\n周辺を飛んでいるオーブで、あなたの敵を攻撃する。",,,,,,,,,,,,,,
mystery_spells_and_perks.perkdesc_extra_wand_slot,"==This perk might possibly be something like the following==\nYou can carry one extra wand.",,,,,,,,,"==この特典はおそらく以下の説明文のようなものです==\n追加の杖スロットを1つ獲得する。",,,,,,,,,,,,,,
mystery_spells_and_perks.perkdesc_extra_potion_slot,"==This perk might possibly be something like the following==\nYou can carry one extra item.",,,,,,,,,"==この特典はおそらく以下の説明文のようなものです==\n追加のアイテムスロットを1つ獲得する。",,,,,,,,,,,,,,
mystery_spells_and_perks.perkdesc_extra_action_storage,"==This perk might possibly be something like the following==\nYou gain more room for spells",,,,,,,,,"==この特典はおそらく以下の説明文のようなものです==\n呪文のスペースが更に増える。",,,,,,,,,,,,,,
mystery_spells_and_perks.perkdesc_persuasion,"==This perk might possibly be something like the following==\nEnemies with low health may start fighting for you.",,,,,,,,,"==この特典はおそらく以下の説明文のようなものです==\n低いHPの敵があなたの味方になって戦い始める可能性がある。",,,,,,,,,,,,,,
mystery_spells_and_perks.perkdesc_permanent_flying,"==This perk might possibly be something like the following==\nYou can fly forever, but standing on the ground deals you damage over time.",,,,,,,,,"==この特典はおそらく以下の説明文のようなものです==\n永久に飛べるようになるが、地面に立っていると経過ダメージを受ける。",,,,,,,,,,,,,,
mystery_spells_and_perks.perkdesc_melt,"==This perk might possibly be something like the following==\nYour enemies' corpses melt into slime.",,,,,,,,,"==この特典はおそらく以下の説明文のようなものです==\n敵の死体がスライムになる。",,,,,,,,,,,,,,
mystery_spells_and_perks.perkdesc_double_cast,"==This perk might possibly be something like the following==\nYour wands cast one extra spell when used.",,,,,,,,,"==この特典はおそらく以下の説明文のようなものです==\nあなたの杖全てが、使用時に追加で1つの呪文をかける。",,,,,,,,,,,,,,
mystery_spells_and_perks.perkdesc_ability_actions_materialized,"==This perk might possibly be something like the following==\nBomb-like spells can be placed in the ITEMS space in inventory and used like throwable items.",,,,,,,,,"==この特典はおそらく以下の説明文のようなものです==\n爆弾のような呪文を所持品のアイテムスペースに置くことができ、投げることができる。",,,,,,,,,,,,,,
mystery_spells_and_perks.perkdesc_hearts_more_extra_hp,"==This perk might possibly be something like the following==\nHearts bestow double the maximum health.",,,,,,,,,"==この特典はおそらく以下の説明文のようなものです==\n最大HPが倍の心臓。",,,,,,,,,,,,,,
mystery_spells_and_perks.perkdesc_extra_perk,"==This perk might possibly be something like the following==\nFrom now on you will find an extra perk in every Holy Mountain.",,,,,,,,,"==この特典はおそらく以下の説明文のようなものです==\n今後聖なる山で見つかる特典が一つ増える。",,,,,,,,,,,,,,
mystery_spells_and_perks.perkdesc_perks_lottery,"==This perk might possibly be something like the following==\nWhen you pick a perk, there's a 50% chance the others won't disappear.",,,,,,,,,"==この特典はおそらく以下の説明文のようなものです==\n特典を選択した場合、50%の確率で選ばなかった方が消滅しない。",,,,,,,,,,,,,,
mystery_spells_and_perks.perkdesc_genome_more_hatred,"==This perk might possibly be something like the following==\nCreatures become more aggressive towards each other.",,,,,,,,,"==この特典はおそらく以下の説明文のようなものです==\n生物が互いにより攻撃的になる。",,,,,,,,,,,,,,
mystery_spells_and_perks.perkdesc_genome_more_love,"==This perk might possibly be something like the following==\nCreatures become more friendly towards each other.",,,,,,,,,"==この特典はおそらく以下の説明文のようなものです==\n生物が互いにより友好的になる。",,,,,,,,,,,,,,
mystery_spells_and_perks.perkdesc_random_allies,"==This perk might possibly be something like the following==\nYou're allies with a random enemy group.",,,,,,,,,"==この特典はおそらく以下の説明文のようなものです==\nランダムな敵グループが仲間になる。",,,,,,,,,,,,,,
mystery_spells_and_perks.perkdesc_remove_fog_of_war,"==This perk might possibly be something like the following==\nYou can see everywhere.",,,,,,,,,"==この特典はおそらく以下の説明文のようなものです==\nどこでも見れるようになる。",,,,,,,,,,,,,,
mystery_spells_and_perks.perkdesc_attract_items,"==This perk might possibly be something like the following==\nGold nuggets gravitate towards you.",,,,,,,,,"==この特典はおそらく以下の説明文のようなものです==\n金塊があなたに引き寄せられるようになる。",,,,,,,,,,,,,,
mystery_spells_and_perks.perkdesc_strong_kick,"==This perk might possibly be something like the following==\nYour kicks deal extra damage and knockback.",,,,,,,,,"==この特典はおそらく以下の説明文のようなものです==\nキックのダメージが増加し、ノックバック効果が加わる。",,,,,,,,,,,,,,
mystery_spells_and_perks.perkdesc_projectile_repulsion,"==This perk might possibly be something like the following==\nMost projectiles are repulsed by your presence, but you take slightly more projectile damage.",,,,,,,,,"==この特典はおそらく以下の説明文のようなものです==\nほぼすべての放射物があなたに当たると反発するようになるが、放射物によるダメージが増加する。",,,,,,,,,,,,,,
mystery_spells_and_perks.perkdesc_bleed_slime,"==This perk might possibly be something like the following==\nYou bleed slime, but slime no longer slows you down.",,,,,,,,,"==この特典はおそらく以下の説明文のようなものです==\nスライムの血が出るが、スライムによって速度が低下しない。",,,,,,,,,,,,,,
mystery_spells_and_perks.perkdesc_multiply_hp,"==This perk might possibly be something like the following==\nYour HP has been multiplied but you can no longer regain HP.",,,,,,,,,"==この特典はおそらく以下の説明文のようなものです==\nHPが倍増するがHPが回復しなくなる。",,,,,,,,,,,,,,
mystery_spells_and_perks.perkdesc_bleed_oil,"==This perk might possibly be something like the following==\nYou bleed flammable oil.",,,,,,,,,"==この特典はおそらく以下の説明文のようなものです==\n可燃性オイルの血が出る。",,,,,,,,,,,,,,
mystery_spells_and_perks.perkdesc_golden_i,"==This perk might possibly be something like the following==\nGold that you've seen no longer disappears over time.",,,,,,,,,"==この特典はおそらく以下の説明文のようなものです==\n視界に入ったゴールドが時間の経過で消滅しなくなる。",,,,,,,,,,,,,,
mystery_spells_and_perks.perkdesc_no_player_knockback,"==This perk might possibly be something like the following==\nKnockback does not affect you.",,,,,,,,,"==この特典はおそらく以下の説明文のようなものです==\nノックバックを受けつけなくなる。",,,,,,,,,,,,,,
mystery_spells_and_perks.perkdesc_extra_knockback,"==This perk might possibly be something like the following==\nYour spells knock enemies around with more force.",,,,,,,,,"==この特典はおそらく以下の説明文のようなものです==\n呪文がより強い力で敵をノックバックさせるようになる。",,,,,,,,,,,,,,
mystery_spells_and_perks.perkdesc_lower_spread,"==This perk might possibly be something like the following==\nYour spells have lower spread, but they push you back more.",,,,,,,,,"==この特典はおそらく以下の説明文のようなものです==\n呪文の拡散が収縮するが、反動が強くなる。",,,,,,,,,,,,,,
mystery_spells_and_perks.perkdesc_bounce,"==This perk might possibly be something like the following==\nAlmost all your spells bounce around.",,,,,,,,,"==この特典はおそらく以下の説明文のようなものです==\nほぼ全ての呪文がバウンドする。",,,,,,,,,,,,,,
mystery_spells_and_perks.perkdesc_projectile_homing_shooter,"==This perk might possibly be something like the following==\nAlmost all your spells arc towards you. You gain higher projectile resistance.",,,,,,,,,"==この特典はおそらく以下の説明文のようなものです==\nほぼ全ての呪文があなたに向かって戻ってくるようになる。放射物への耐性が上がる。",,,,,,,,,,,,,,
mystery_spells_and_perks.perkdesc_worm_attractor,"==This perk might possibly be something like the following==\nWorms find you attractive.",,,,,,,,,"==この特典はおそらく以下の説明文のようなものです==\n蠕虫に魅力的だと思われるようになる。",,,,,,,,,,,,,,
mystery_spells_and_perks.perkdesc_worm_detractor,"==This perk might possibly be something like the following==\nWorms run from you.",,,,,,,,,"==この特典はおそらく以下の説明文のようなものです==\n蠕虫に逃げられるようになる。",,,,,,,,,,,,,,
mystery_spells_and_perks.perkdesc_speed_diver,"==This perk might possibly be something like the following==\nYou are an expert swimmer!",,,,,,,,,"==この特典はおそらく以下の説明文のようなものです==\nあなたは水泳のエキスパート！",,,,,,,,,,,,,,
mystery_spells_and_perks.perkdesc_revenge_tentacle,"==This perk might possibly be something like the following==\nYou call a monstrous tentacle against those who harm you.",,,,,,,,,"==この特典はおそらく以下の説明文のようなものです==\nあなたに危害を加えるものに対して巨大な触覚を呼び出す。",,,,,,,,,,,,,,
mystery_spells_and_perks.perkdesc_attack_foot,"==This perk might possibly be something like the following==\nYou grow curious additional limbs that fight for you.",,,,,,,,,"==この特典はおそらく以下の説明文のようなものです==\nあなたのために戦う奇妙な肋骨が生えてくる。",,,,,,,,,,,,,,
mystery_spells_and_perks.perkdesc_plague_rats,"==This perk might possibly be something like the following==\nEnemies that die near you summon hungry rats to serve your bidding.",,,,,,,,,"==この特典はおそらく以下の説明文のようなものです==\nあなたの側で敵が死ぬと、あなたの命令で動く飢えたネズミが召喚される。",,,,,,,,,,,,,,
mystery_spells_and_perks.perkdesc_radar_enemy,"==This perk might possibly be something like the following==\nYou can sense nearby enemies.",,,,,,,,,"==この特典はおそらく以下の説明文のようなものです==\n近くの敵を感知できるようになる。",,,,,,,,,,,,,,
mystery_spells_and_perks.perkdesc_radar_wand,"==This perk might possibly be something like the following==\nYou can sense nearby wands.",,,,,,,,,"==この特典はおそらく以下の説明文のようなものです==\n近くの杖を感知できるようになる。",,,,,,,,,,,,,,
mystery_spells_and_perks.perkdesc_unlimited_spells,"==This perk might possibly be something like the following==\nMost spells are now unlimited.",,,,,,,,,"==この特典はおそらく以下の説明文のようなものです==\n大半の呪文が無限になる。",,,,,,,,,,,,,,
mystery_spells_and_perks.perkdesc_leggy_feet,"==This perk might possibly be something like the following==\nYou grow disturbing looking limbs that fight for you.",,,,,,,,,"==この特典はおそらく以下の説明文のようなものです==\nあなたのために戦う奇怪な肋骨が生えてくる。",,,,,,,,,,,,,,
mystery_spells_and_perks.perkdesc_always_cast,"==This perk might possibly be something like the following==\nA random Always Cast spell is added to the wand in your hand, with a maximum of 5.",,,,,,,,,"==この特典はおそらく以下の説明文のようなものです==\n所持している杖に常時詠唱呪文がランダムで追加される。",,,,,,,,,,,,,,
mystery_spells_and_perks.perkdesc_no_more_shuffle,"==This perk might possibly be something like the following==\nFrom now on there are no more shuffling wands. The wands you carry with you turn into non-shufflers too.",,,,,,,,,"==この特典はおそらく以下の説明文のようなものです==\n今後は杖のシャッフルが発生しない。現在所持している杖もシャッフルしなくなる。",,,,,,,,,,,,,,
mystery_spells_and_perks.perkdesc_no_wand_editing,"==This perk might possibly be something like the following==\nWands cannot be tinkered with, but enemies may drop blood money.",,,,,,,,,"==この特典はおそらく以下の説明文のようなものです==\n杖の工作ができなくなるが、敵が血の金塊を落とすようになる。",,,,,,,,,,,,,,
mystery_spells_and_perks.perkdesc_telekinesis,"==This perk might possibly be something like the following==\nYou gain new telekinetic powers.",,,,,,,,,"==この特典はおそらく以下の説明文のようなものです==\n新しい念動力を得る。",,,,,,,,,,,,,,
mystery_spells_and_perks.perkdesc_projectile_duplicate,"==This perk might possibly be something like the following==\nYour spells duplicate as they hit obstacles.",,,,,,,,,"==この特典はおそらく以下の説明文のようなものです==\n障害物に当たると呪文が重複するようになる。",,,,,,,,,,,,,,
mystery_spells_and_perks.perkdesc_low_hp_damage_boost,"==This perk might possibly be something like the following==\nYour spells deal 3x damage when you're under 25 HP or 25% of maximum health.",,,,,,,,,"==この特典はおそらく以下の説明文のようなものです==\nHPが25以下、あるいは最大HPの25%以下になると呪文のダメージが3倍になる。",,,,,,,,,,,,,,
mystery_spells_and_perks.perkdesc_faster_levitation,"==This perk might possibly be something like the following==\nYou levitate 75% faster.",,,,,,,,,"==この特典はおそらく以下の説明文のようなものです==\n空中浮遊が75%速くなる。",,,,,,,,,,,,,,
mystery_spells_and_perks.perkdesc_peace_with_steve,"==This perk might possibly be something like the following==\nYou make peace with your Gods.",,,,,,,,,"==この特典はおそらく以下の説明文のようなものです==\n神々と平和協定を結ぶ。",,,,,,,,,,,,,,
mystery_spells_and_perks.perkdesc_gold_is_forever,"==This perk might possibly be something like the following==\nGold nuggets never disappear.",,,,,,,,,"==この特典はおそらく以下の説明文のようなものです==\n金塊が消滅しなくなる。",,,,,,,,,,,,,,
mystery_spells_and_perks.perkdesc_trick_blood_money,"==This perk might possibly be something like the following==\nBlood money is dropped when death is an accident.",,,,,,,,,"==この特典はおそらく以下の説明文のようなものです==\n死亡が事故によって起こった場合、血の金塊が落とされる。",,,,,,,,,,,,,,
mystery_spells_and_perks.perkdesc_levitation_trail,"==This perk might possibly be something like the following==\nWhen levitating, you leave a trail of magical sparks that harm passing creatures.",,,,,,,,,"==この特典はおそらく以下の説明文のようなものです==\n空中浮遊時に魔法の火花が痕跡として残るようになり、これに生き物が触れるとダメージを受ける。",,,,,,,,,,,,,,
mystery_spells_and_perks.perkdesc_wand_experimenter,"==This perk might possibly be something like the following==\nFiring newly found and unmodified wands heals you.",,,,,,,,,"==この特典はおそらく以下の説明文のようなものです==\n新たに発見した無改造の杖を使うと回復する。",,,,,,,,,,,,,,
mystery_spells_and_perks.perkdesc_protection_freeze,"==This perk might possibly be something like the following==\nYou cannot be frozen.",,,,,,,,,"==この特典はおそらく以下の説明文のようなものです==\n凍らなくなる。",,,,,,,,,,,,,,
mystery_spells_and_perks.perkdesc_revenge_bullet,"==This perk might possibly be something like the following==\nEnemies that hurt you with projectiles have their projectiles shot back at them.",,,,,,,,,"==この特典はおそらく以下の説明文のようなものです==\nあなたを放射物で傷つけた敵には、自身の放射物が跳ね返っていった。",,,,,,,,,,,,,,
mystery_spells_and_perks.perkdesc_angry_ghost,"==This perk might possibly be something like the following==\nAn angry spirit comes to your aid, copying your spells.",,,,,,,,,"==この特典はおそらく以下の説明文のようなものです==\n怒れる魂があなたの力になる。あなたの呪文をコピーする。",,,,,,,,,,,,,,
mystery_spells_and_perks.perkdesc_gourd,"==This perk might possibly be something like the following==\nJust a nice gourd.",,,,,,,,,"==この特典はおそらく以下の説明文のようなものです==\nただのナイスな瓢箪。",,,,,,,,,,,,,,
mystery_spells_and_perks.perkdesc_gas_fire,"==This perk might possibly be something like the following==\nGases near you ignite automatically.",,,,,,,,,"==この特典はおそらく以下の説明文のようなものです==\n付近のガスが自然発火する。",,,,,,,,,,,,,,
mystery_spells_and_perks.perkdesc_spell_duplication,"==This perk might possibly be something like the following==\nYour projectile spells have a chance to duplicate, but you're more vulnerable to projectile damage",,,,,,,,,"==この特典はおそらく以下の説明文のようなものです==\nあなたの放射物呪文が重複する可能性があるが、放射物によるダメージに対してあなたはより無力になる",,,,,,,,,,,,,,
mystery_spells_and_perks.perkdesc_faster_wands,"==This perk might possibly be something like the following==\nAll wands you're currently carrying gain a bonus to their cast delay & reload time.",,,,,,,,,"==この特典はおそらく以下の説明文のようなものです==\nあなたが所持しているすべての杖に詠唱遅延とリロード時間ボーナスが付与される。",,,,,,,,,,,,,,
mystery_spells_and_perks.perkdesc_orbit,"==This perk might possibly be something like the following==\nProjectiles seemingly phase through you.",,,,,,,,,"==この特典はおそらく以下の説明文のようなものです==\n放射物がまるであなたを通り抜けるように見えます。",,,,,,,,,,,,,,
mystery_spells_and_perks.perkdesc_angry_ghost,"==This perk might possibly be something like the following==\nAn angry spirit comes to your aid, copying nearby spells and projectiles.",,,,,,,,,"==この特典はおそらく以下の説明文のようなものです==\n怒れる魂があなたの力になり、近くの呪文や放射物をコピーします。",,,,,,,,,,,,,,
mystery_spells_and_perks.perkdesc_mana_from_kills,"==This perk might possibly be something like the following==\nEvery time an enemy near you dies, you release mana-recharging liquid.",,,,,,,,,"==この特典はおそらく以下の説明文のようなものです==\n付近の敵が死亡する度に、マナリチャージの液体を放出します。",,,,,,,,,,,,,,
mystery_spells_and_perks.perkdesc_mega_laser,"==This perk might possibly be something like the following==\nYou will gain a curious artefact",,,,,,,,,"==この特典はおそらく以下の説明文のようなものです==\n面白いアーティファクトが手に入る",,,,,,,,,,,,,,
mystery_spells_and_perks.perkdesc_foodclock,"==This perk might possibly be something like the following==\nBeing well nourished is good for you",,,,,,,,,"==この特典はおそらく以下の説明文のようなものです==\n栄養をたっぷり摂ることは良いことです",,,,,,,,,,,,,,
mystery_spells_and_perks.perkdesc_high_gravity,"==This perk might possibly be something like the following==\nAll creatures, you included, have higher personal gravity.",,,,,,,,,"==この特典はおそらく以下の説明文のようなものです==\nあなたを含むすべての生物のパーソナル重力が高くなります。",,,,,,,,,,,,,,
mystery_spells_and_perks.perkdesc_exploding_gold,"==This perk might possibly be something like the following==\nNuggets of gold explode once they expire or are picked up.",,,,,,,,,"==この特典はおそらく以下の説明文のようなものです==\n金塊は、消滅したり拾われたりすると、爆発します。",,,,,,,,,,,,,,
mystery_spells_and_perks.perkdesc_fast_projectiles,"==This perk might possibly be something like the following==\nYour projectile spells fly faster than before.",,,,,,,,,"==この特典はおそらく以下の説明文のようなものです==\n放射物の呪文がより速く飛ぶようになります。",,,,,,,,,,,,,,
mystery_spells_and_perks.perkdesc_worm_smaller_holes,"==This perk might possibly be something like the following==\nWorms and lukkis no longer destroy ground while burrowing.",,,,,,,,,"==この特典はおそらく以下の説明文のようなものです==\n蠕虫とルッキが掘削により地面を破壊することがなくなります。",,,,,,,,,,,,,,
mystery_spells_and_perks.perkdesc_worm_bigger_holes,"==This perk might possibly be something like the following==\nWorms now dig a larger area around them.",,,,,,,,,"==この特典はおそらく以下の説明文のようなものです==\n蠕虫が自分の周りを掘る範囲が広がります。",,,,,,,,,,,,,,
mystery_spells_and_perks.perkdesc_extra_slots,"==This perk might possibly be something like the following==\nThe wands you're currently carrying gain 1-3 additional spell slots (to a maximum of 25).",,,,,,,,,"==この特典はおそらく以下の説明文のようなものです==\n現在持ち歩いている杖が1～3個の呪文スロットを追加で獲得します（最高25個）。",,,,,,,,,,,,,,
mystery_spells_and_perks.perkdesc_teleportitis_dodge,"==This perk might possibly be something like the following==\nYou teleport a short distance away when an enemy projectile is near.",,,,,,,,,"==この特典はおそらく以下の説明文のようなものです==\n敵の放射物が近づいた時、短距離をテレポートします。",,,,,,,,,,,,,,
mystery_spells_and_perks.perkdesc_extra_mana,"==This perk might possibly be something like the following==\nYour currently held wand loses half its capacity, but gains more mana.",,,,,,,,,"==この特典はおそらく以下の説明文のようなものです==\n現在持っている杖が容量を半分失いますが、マナをもっと獲得します。",,,,,,,,,,,,,,
mystery_spells_and_perks.perkdesc_homunculus,"==This perk might possibly be something like the following==\nEvery time you leave a Holy Mountain, a helpful homunculus is summoned.",,,,,,,,,"==この特典はおそらく以下の説明文のようなものです==\n聖なる山を離れるたび、役に立つホムンクルスが召喚されます。",,,,,,,,,,,,,,
mystery_spells_and_perks.perkdesc_plague_rats,"==This perk might possibly be something like the following==\nDying enemies release rats to serve your bidding! All rats become your friend.",,,,,,,,,"==この特典はおそらく以下の説明文のようなものです==\n死んでいく敵があなたの命令で動くネズミを放出します！すべてのネズミがあなたの友達になります。",,,,,,,,,,,,,,
mystery_spells_and_perks.perkdesc_always_cast,"==This perk might possibly be something like the following==\nA random Always Cast spell is added to the wand in your hand, up to a maximum of 4.",,,,,,,,,"==この特典はおそらく以下の説明文のようなものです==\n所持している杖に常時詠唱呪文がランダムで最高4つまで追加されます。",,,,,,,,,,,,,,
mystery_spells_and_perks.perkdesc_bleed_slime,"==This perk might possibly be something like the following==\nYou bleed slime, but slime no longer slows you down and you have higher projectile resistance.",,,,,,,,,"==この特典はおそらく以下の説明文のようなものです==\nスライムの血が出ますが、スライムによって速度は低下せず、放射物への耐性が高くなります。",,,,,,,,,,,,,,
mystery_spells_and_perks.perkdesc_bleed_oil,"==This perk might possibly be something like the following==\nYou bleed flammable oil, but you have higher explosive resistance.",,,,,,,,,"==この特典はおそらく以下の説明文のようなものです==\n可燃性オイルの血が出ますが、爆破物への耐性が高くなります。",,,,,,,,,,,,,,
mystery_spells_and_perks.perkdesc_laser_aim,"==This perk might possibly be something like the following==\nYour wand arm emits a beam to help with aiming!",,,,,,,,,"==この特典はおそらく以下の説明文のようなものです==\n杖のアームからビームを発射し、狙いを定めるのに役立ちます！",,,,,,,,,,,,,,
mystery_spells_and_perks.perkdesc_low_recoil,"==This perk might possibly be something like the following==\nRecoil caused by your spells is greatly reduced, but your spells fly slightly slower.",,,,,,,,,"==この特典はおそらく以下の説明文のようなものです==\nあなたの呪文によって起きる反動が大幅に減少しますが、呪文が飛ぶ速度は若干落ちます。",,,,,,,,,,,,,,
mystery_spells_and_perks.perkdesc_projectile_repulsion_sector,"==This perk might possibly be something like the following==\nProjectiles that fly into a small sector in front of you get blown away.",,,,,,,,,"==この特典はおそらく以下の説明文のようなものです==\nあなたの目の前にある小セクターに飛び込む放射物が吹き飛ばされます。",,,,,,,,,,,,,,
mystery_spells_and_perks.perkdesc_projectile_eater_sector,"==This perk might possibly be something like the following==\nProjectiles that fly into a small sector behind of you disappear.",,,,,,,,,"==この特典はおそらく以下の説明文のようなものです==\nあなたの背後にある小セクターに飛び込む放射物が消失します。",,,,,,,,,,,,,,
mystery_spells_and_perks.perkdesc_projectile_slow_field,"==This perk might possibly be something like the following==\nProjectiles near you slow down.",,,,,,,,,"==この特典はおそらく以下の説明文のようなものです==\nあなたの近くの放射物が減速します。",,,,,,,,,,,,,,
mystery_spells_and_perks.perkdesc_bleed_oil,"==This perk might possibly be something like the following==\nYou bleed flammable oil, but are immune to fire.",,,,,,,,,"==この特典はおそらく以下の説明文のようなものです==\n可燃性オイルの血が出ますが、火に対する免疫があります。",,,,,,,,,,,,,,
mystery_spells_and_perks.perkdesc_revenge_explosion,"==This perk might possibly be something like the following==\nYou release a magical explosion upon taking damage, and gain 25% resistance against explosions.",,,,,,,,,"==この特典はおそらく以下の説明文のようなものです==\nダメージを受けると魔法の爆破を引き起こし、爆破に対する耐性を25%得ます。",,,,,,,,,,,,,,
mystery_spells_and_perks.perkdesc_revenge_tentacle,"==This perk might possibly be something like the following==\nYou summon a monstrous tentacle upon taking damage, and gain 25% resistance against projectiles.",,,,,,,,,"==この特典はおそらく以下の説明文のようなものです==\nダメージを受けると、巨大な触角を召喚し、放射物に対する耐性を25%得ます。",,,,,,,,,,,,,,
mystery_spells_and_perks.perkdesc_revenge_projectile,"==This perk might possibly be something like the following==\nYou return projectiles back to enemies upon taking damage, and gain 20% resistance against projectiles & explosions.",,,,,,,,,"==この特典はおそらく以下の説明文のようなものです==\nダメージを受けると、放射物を敵に返し、放射物と爆破に対する耐性を20%得ます。",,,,,,,,,,,,,,
mystery_spells_and_perks.perkdesc_bounce,"==This perk might possibly be something like the following==\nAlmost all your spells bounce around and last longer.",,,,,,,,,"==この特典はおそらく以下の説明文のようなものです==\nほぼ全ての呪文がバウンドし、寿命が長くなります。",,,,,,,,,,,,,,
mystery_spells_and_perks.perkdesc_low_gravity,"==This perk might possibly be something like the following==\nAll creatures, you included, have lower personal gravity.",,,,,,,,,"==この特典はおそらく以下の説明文のようなものです==\nあなたを含むすべての生物のパーソナル重力が低くなります。",,,,,,,,,,,,,,
mystery_spells_and_perks.perkdesc_projectile_homing_shooter,"==This perk might possibly be something like the following==\nYour spells arc towards you, but gain extra speed and deal extra damage.",,,,,,,,,"==この特典はおそらく以下の説明文のようなものです==\n呪文があなたに向かって戻りますが、追加スピードを得て、追加ダメージを与えます。",,,,,,,,,,,,,,
mystery_spells_and_perks.perkdesc_protection_radioactivity,"==This perk might possibly be something like the following==\nYou take no damage from toxic sludge and other toxic things.",,,,,,,,,"==この特典はおそらく以下の説明文のようなものです==\n猛毒ヘドロとその他の有毒なものからダメージを受けることがなくなります。",,,,,,,,,,,,,,
mystery_spells_and_perks.perkdesc_personal_laser,"==This perk might possibly be something like the following==\nYou constantly fire a devastating plasma beam, but you fire spells much slower",,,,,,,,,"==この特典はおそらく以下の説明文のようなものです==\n常に破壊力のあるレーザービームを発射しますが、呪文の発射速度は減速します",,,,,,,,,,,,,,
mystery_spells_and_perks.perkdesc_moon_radar,"==This perk might possibly be something like the following==\nPoints you towards the moon...?",,,,,,,,,"==この特典はおそらく以下の説明文のようなものです==\nあなたを月に向けて…？",,,,,,,,,,,,,,
mystery_spells_and_perks.perkdesc_revenge_bullet,"==This perk might possibly be something like the following==\nYou return fire when hit by projectiles, and you gain 20% resistance against explosions and projectiles.",,,,,,,,,"==この特典はおそらく以下の説明文のようなものです==\n放射物が当たると炎を返し、爆発と放射物に対して20%の耐性を獲得する。",,,,,,,,,,,,,,
mystery_spells_and_perks.perkdesc_glass_cannon,"==This perk might possibly be something like the following==\nYour spells are 5 times as powerful, but your maximum health becomes 50 and cannot be increased by normal hearts.",,,,,,,,,"==この特典はおそらく以下の説明文のようなものです==\n自分の呪文が5倍の強さになるが、最大HPが50になり、通常のハートでは増やすことができなくなる。",,,,,,,,,,,,,,
mystery_spells_and_perks.perkdesc_radar_item,"==This perk might possibly be something like the following==\nYou can sense nearby items.",,,,,,,,,"==この特典はおそらく以下の説明文のようなものです==\n近くのアイテムを感知できるようになる。",,,,,,,,,,,,,,
mystery_spells_and_perks.perkdesc_radar_moon,"==This perk might possibly be something like the following==\nYou can sense lunar energy.",,,,,,,,,"==この特典はおそらく以下の説明文のようなものです==\n月のエネルギーを感知できるようになる。",,,,,,,,,,,,,,
mystery_spells_and_perks.perkdesc_extra_potion_capacity,"==This perk might possibly be something like the following==\nPotions store 80% more liquid",,,,,,,,,"==この特典はおそらく以下の説明文のようなものです==\nポーションが更に80%の液体を保有できる",,,,,,,,,,,,,,
mystery_spells_and_perks.perkdesc_hearts_more_extra_hp,"==This perk might possibly be something like the following==\nHearts bestow more maximum health.",,,,,,,,,"==この特典はおそらく以下の説明文のようなものです==\nハートがより多くの最大HPを与える。",,,,,,,,,,,,,,
mystery_spells_and_perks.perkdesc_vomit_rats,"==This perk might possibly be something like the following==\nVomit near you evolves into helpful rat minions",,,,,,,,,"==この特典はおそらく以下の説明文のようなものです==\n近くの嘔吐物が役に立つネズミの手下に進化する",,,,,,,,,,,,,,
mystery_spells_and_perks.perkdesc_revenge_rats,"==This perk might possibly be something like the following==\nWhen you take damage, there's a chance that a helpful rat minion is summoned",,,,,,,,,"==この特典はおそらく以下の説明文のようなものです==\nダメージを受けると、役に立つネズミの手下が召喚される可能性がある",,,,,,,,,,,,,,
mystery_spells_and_perks.perkdesc_lower_spread,"==This perk might possibly be something like the following==\nYour spells deal more damage and have lower spread and increased cast delay.",,,,,,,,,"==この特典はおそらく以下の説明文のようなものです==\n自分の呪文がより多くのダメージを与え、狭く拡散し、呪文の詠唱遅延が増加する。",,,,,,,,,,,,,,
mystery_spells_and_perks.perkdesc_laser_aim,"==This perk might possibly be something like the following==\nYour spells fly faster and have lower spread, and you have a handy sightline for aiming!",,,,,,,,,"==この特典はおそらく以下の説明文のようなものです==\n自分の呪文の飛行速度が速くなって拡散幅が狭くなり、照準を合わせるのに役立つ視線が手に入る！",,,,,,,,,,,,,,
mystery_spells_and_perks.perkdesc_contact_damage,"==This perk might possibly be something like the following==\nEnemies near you take damage, the damage is higher the lower your health gets.",,,,,,,,,"==この特典はおそらく以下の説明文のようなものです==\n近くの敵がダメージを受ける。このダメージは自分のHPが下がるほど大きくなる。",,,,,,,,,,,,,,
mystery_spells_and_perks.perkdesc_adventurer,"==This perk might possibly be something like the following==\nEvery time you visit a new area, you regain 60 health.",,,,,,,,,"==この特典はおそらく以下の説明文のようなものです==\n新しいエリアを訪れる度に60HPを回復する。",,,,,,,,,,,,,,
mystery_spells_and_perks.perkdesc_exploding_gold,"==This perk might possibly be something like the following==\nGold dropped by enemies explodes when it disappears, is picked up or touched by other enemies!",,,,,,,,,"==この特典はおそらく以下の説明文のようなものです==\n敵が落としたゴールドは消滅時、敵が拾う、あるいは他の敵が触った時に爆発する！",,,,,,,,,,,,,,
mystery_spells_and_perks.perkdesc_hungry_ghost,"==This perk might possibly be something like the following==\nSummons a happy minion who'll eat enemy projectile every now and then, and grant you temporary extra damage.",,,,,,,,,"==この特典はおそらく以下の説明文のようなものです==\n時々敵の放射物を喜んで食べる手下を召喚し、一時的に追加ダメージを与える。",,,,,,,,,,,,,,
mystery_spells_and_perks.perkdesc_death_ghost,"==This perk might possibly be something like the following==\nDying creatures leave behind a spirit that deals damage in a small area.",,,,,,,,,"==この特典はおそらく以下の説明文のようなものです==\n死にかけている生物が小さなエリアでダメージを与えるスピリッツを残して行く。",,,,,,,,,,,,,,
mystery_spells_and_perks.perkdesc_risky_critical,"==This perk might possibly be something like the following==\nYou gain additional chance to deal critical hits as long as there are enemies near you.",,,,,,,,,"==この特典はおそらく以下の説明文のようなものです==\n近くに敵がいる限り、クリティカルヒットを与える追加のチャンスを獲得する。",,,,,,,,,,,,,,
mystery_spells_and_perks.perkdesc_hungry_ghost,"==This perk might possibly be something like the following==\nSummons a happy minion who'll eat enemy projectile every now and then.",,,,,,,,,"==この特典はおそらく以下の説明文のようなものです==\n時々敵の放射物を喜んで食べる手下を召喚する。",,,,,,,,,,,,,,
mystery_spells_and_perks.perkdesc_food_clock,"==This perk might possibly be something like the following==\nYou inflict more damage the more satiated you are, but you start losing health if your stomach is empty.",,,,,,,,,"==この特典はおそらく以下の説明文のようなものです==\n腹八分目の時はより多くのダメージを与えるが、空腹になるとHPがなくなり始める。",,,,,,,,,,,,,,
mystery_spells_and_perks.perkdesc_worm_smaller_holes,"==This perk might possibly be something like the following==\nWorms run away from you, and worm and lukki enemies no longer destroy terrain while burrowing.",,,,,,,,,"==この特典はおそらく以下の説明文のようなものです==\n蠕虫があなたから逃げ去り、蠕虫とルッキの敵が掘削により地面を破壊することがなくなる。",,,,,,,,,,,,,,
mystery_spells_and_perks.perkdesc_no_more_shuffle,"==This perk might possibly be something like the following==\nMost of the wands will be non shuffling. The wands you carry with you turn into non-shufflers too.",,,,,,,,,"==この特典はおそらく以下の説明文のようなものです==\nほとんどの杖のシャッフルが発生しない。現在所持している杖もシャッフルしなくなる。",,,,,,,,,,,,,,
mystery_spells_and_perks.perkdesc_gamble,"==This perk might possibly be something like the following==\nYou gain two random perks.",,,,,,,,,"==この特典はおそらく以下の説明文のようなものです==\n二つのランダムな特典を獲得する。",,,,,,,,,,,,,,
mystery_spells_and_perks.perkdesc_fungal_disease,"==This perk might possibly be something like the following==\nWhen near danger, you sprout fungal growths.",,,,,,,,,"==この特典はおそらく以下の説明文のようなものです==\n危険が近づくと、真菌が発芽する。",,,,,,,,,,,,,,
mystery_spells_and_perks.perkdesc_lukki_minion,"==This perk might possibly be something like the following==\nSummons a lukki minion to your help.",,,,,,,,,"==この特典はおそらく以下の説明文のようなものです==\nあなたを助けるルッキの手下を召喚する。",,,,,,,,,,,,,,
mystery_spells_and_perks.perkdesc_angry_levitation,"==This perk might possibly be something like the following==\nKilling an enemy makes you replenish some of your levitation power.",,,,,,,,,"==この特典はおそらく以下の説明文のようなものです==\n敵をキルすると空中浮遊パワーの一部が回復される。",,,,,,,,,,,,,,
mystery_spells_and_perks.perkdesc_destructive_spells,"==This perk might possibly be something like the following==\nYour spells destroy ground more efficiently.",,,,,,,,,"==この特典はおそらく以下の説明文のようなものです==\nあなたの呪文が地面をより効率的に破壊する。",,,,,,,,,,,,,,
mystery_spells_and_perks.perkdesc_mold,"==This perk might possibly be something like the following==\nSlime near you spontaneously turns into fungal creatures.",,,,,,,,,"==この特典はおそらく以下の説明文のようなものです==\n近くにいるスライムが自然と真菌の生物に変身する。",,,,,,,,,,,,,,
mystery_spells_and_perks.perkdesc_cordyceps,"==This perk might possibly be something like the following==\nFungal creatures spawn from the corpses of enemies killed by you.",,,,,,,,,"==この特典はおそらく以下の説明文のようなものです==\nあなたがキルした敵の死体から出現する真菌の生物。",,,,,,,,,,,,,,
mystery_spells_and_perks.perkdesc_minion_powerup,"==This perk might possibly be something like the following==\nAny minions spawned to your aid have increased damage output and health.",,,,,,,,,"==この特典はおそらく以下の説明文のようなものです==\nあなたの支援に現れたすべての手下は、増加ダメージ出力と増加HPを持っている。",,,,,,,,,,,,,,
mystery_spells_and_perks.perkdesc_map,"==This perk might possibly be something like the following==\nIf you stop for a moment, you can sense your location relative to the Mountain.",,,,,,,,,"==この特典はおそらく以下の説明文のようなものです==\n一瞬動きを止めると、山に対して自分の位置を感知することができる。",,,,,,,,,,,,,,
mystery_spells_and_perks.perkdesc_mega_beam_stone,"==This perk might possibly be something like the following==\nYou gain an artefact that allows you to call the celestial rage.",,,,,,,,,"==この特典はおそらく以下の説明文のようなものです==\n天体の憤怒を呼ぶことができるアーティファクトを獲得する。",,,,,,,,,,,,,,
mystery_spells_and_perks.perkdesc_exploding_corpses,"==This perk might possibly be something like the following==\nEnemies explode upon death, but you gain immunity to explosive damage.",,,,,,,,,"==この特典はおそらく以下の説明文のようなものです==\n敵が死亡時に爆発するが、爆破ダメージに対して無敵になる。",,,,,,,,,,,,,,
mystery_spells_and_perks.perkdesc_gas_blood,"==This perk might possibly be something like the following==\nYou bleed flammable gas instead of blood.",,,,,,,,,"==この特典はおそらく以下の説明文のようなものです==\n血の代わりに、引火性ガスが流れる。",,,,,,,,,,,,,,
mystery_spells_and_perks.perkdesc_personal_laser,"==This perk might possibly be something like the following==\nYou constantly fire a devastating plasma beam, but you fire spells much slower",,,,,,,,,"==この特典はおそらく以下の説明文のようなものです==\n常に破壊力のあるプラズマビームを発射しますが、呪文の発射速度は減速します",,,,,,,,,,,,,,
mystery_spells_and_perks.perkdesc_breath_underwater,"==This perk might possibly be something like the following==\nYou can no longer drown, and can move in liquids with ease.",,,,,,,,,"==この特典はおそらく以下の説明文のようなものです==\n溺れることがなくなり、水中を簡単に移動できるようになった。",,,,,,,,,,,,,,
mystery_spells_and_perks.perkdesc_lower_spread,"==This perk might possibly be something like the following==\nYour spells have lower spread and extra damage, but have increased cast delay.",,,,,,,,,"==この特典はおそらく以下の説明文のようなものです==\n自分の呪文範囲が狭まって追加ダメージを与えるが、呪文の詠唱遅延が増加する。",,,,,,,,,,,,,,
mystery_spells_and_perks.perkdesc_iron_stomach,"==This perk might possibly be something like the following==\nYou no longer suffer from negative effects of eating.",,,,,,,,,"==この特典はおそらく以下の説明文のようなものです==\n食事によるマイナス効果を受けなくなる。",,,,,,,,,,,,,,
mystery_spells_and_perks.perkdesc_bigger,"==This perk might possibly be something like the following==\nYour projectile and explosive resistances increase, but you're easier to hit.",,,,,,,,,"==この特典はおそらく以下の説明文のようなものです==\n放射物と爆発の耐性が上昇するが、被弾しやすくなる。",,,,,,,,,,,,,,
mystery_spells_and_perks.perkdesc_smaller,"==This perk might possibly be something like the following==\nYou're harder to hit, but take more projectile and explosive damage.",,,,,,,,,"==この特典はおそらく以下の説明文のようなものです==\n被弾しにくくなるが、放射物と爆発物の被ダメージが増える。",,,,,,,,,,,,,,
mystery_spells_and_perks.perkdesc_lich,"==This perk might possibly be something like the following==\nYou take on a hideous new form!",,,,,,,,,"==この特典はおそらく以下の説明文のようなものです==\n新たな恐ろしい姿になる！",,,,,,,,,,,,,,
mystery_spells_and_perks.perkdesc_vampirism,"==This perk might possibly be something like the following==\nYou lose 25% maximum health, but can replenish health by drinking blood.\nBlood doesn't affect satiation level and you no longer suffer from food poisoning.",,,,,,,,,"==この特典はおそらく以下の説明文のようなものです==\n最大HPの25%を失いますが、血を飲むことでHPを補充することができます。\n血は満腹レベルに影響せず、食中毒にならなくなります。",,,,,,,,,,,,,,
mystery_spells_and_perks.perkdesc_fast_travel_boom,"==This perk might possibly be something like the following==\nSome explosions can be amplified to vast proportions through the use of additional perks.",,,,,,,,,"==この特典はおそらく以下の説明文のようなものです==\n一部の爆破は、追加の特典を使用することで、大規模に増幅させることができる。",,,,,,,,,,,,,,
mystery_spells_and_perks.perkdesc_shield_bubble,"==This perk might possibly be something like the following==\nYou generate a protective bubble that deflects projectiles.",,,,,,,,,"==この特典はおそらく以下の説明文のようなものです==\n防護バブルを生成し、放射物をそらします。",,,,,,,,,,,,,,
mystery_spells_and_perks.perkdesc_flame_aura,"==This perk might possibly be something like the following==\nYou are surrounded by a burning aura that damages nearby enemies.",,,,,,,,,"==この特典はおそらく以下の説明文のようなものです==\n燃焼するオーラに包まれており、近くの敵にダメージを与えます。",,,,,,,,,,,,,,
mystery_spells_and_perks.perkdesc_frost_aura,"==This perk might possibly be something like the following==\nYou are surrounded by a chilling aura that slows and damages nearby enemies.",,,,,,,,,"==この特典はおそらく以下の説明文のようなものです==\n冷気のオーラに包まれており、近くの敵を減速させダメージを与えます。",,,,,,,,,,,,,,
mystery_spells_and_perks.perkdesc_poison_blood,"==This perk might possibly be something like the following==\nYour blood is highly toxic, poisoning enemies who come into contact with it.",,,,,,,,,"==この特典はおそらく以下の説明文のようなものです==\nあなたの血は非常に毒性が強く、接触した敵を毒します。",,,,,,,,,,,,,,
mystery_spells_and_perks.perkdesc_speed_boost,"==This perk might possibly be something like the following==\nYou move faster and jump higher.",,,,,,,,,"==この特典はおそらく以下の説明文のようなものです==\nより速く移動し、より高くジャンプします。",,,,,,,,,,,,,,
mystery_spells_and_perks.perkdesc_invisibility,"==This perk might possibly be something like the following==\nYou become invisible when standing still.",,,,,,,,,"==この特典はおそらく以下の説明文のようなものです==\n静止しているときに透明になります。",,,,,,,,,,,,,,
mystery_spells_and_perks.perkdesc_health_regeneration,"==This perk might possibly be something like the following==\nYou regenerate health over time.",,,,,,,,,"==この特典はおそらく以下の説明文のようなものです==\n時間の経過とともにHPを再生します。",,,,,,,,,,,,,,
mystery_spells_and_perks.perkdesc_shockwave,"==This perk might possibly be something like the following==\nYou release a shockwave that damages and pushes away enemies.",,,,,,,,,"==この特典はおそらく以下の説明文のようなものです==\n衝撃波を放ち、敵にダメージを与え押し返します。",,,,,,,,,,,,,,
mystery_spells_and_perks.perkdesc_lightning_strike,"==This perk might possibly be something like the following==\nYou occasionally strike nearby enemies with lightning.",,,,,,,,,"==この特典はおそらく以下の説明文のようなものです==\n時折、近くの敵に雷撃を加えます。",,,,,,,,,,,,,,
mystery_spells_and_perks.perkdesc_energy_shield,"==This perk might possibly be something like the following==\nYou generate an energy shield that absorbs a portion of incoming damage.",,,,,,,,,"==この特典はおそらく以下の説明文のようなものです==\nエネルギーシールドを生成し、入ってくるダメージの一部を吸収します。",,,,,,,,,,,,,,
mystery_spells_and_perks.perkdesc_berserk,"==This perk might possibly be something like the following==\nYour damage increases the more enemies are around you.",,,,,,,,,"==この特典はおそらく以下の説明文のようなものです==\n周囲にいる敵が多いほど、与えるダメージが増加します。",,,,,,,,,,,,,,
mystery_spells_and_perks.perkdesc_radiant,"==This perk might possibly be something like the following==\nYou emit a bright light that blinds and damages nearby enemies.",,,,,,,,,"==この特典はおそらく以下の説明文のようなものです==\n明るい光を発し、近くの敵を盲目にしダメージを与えます。",,,,,,,,,,,,,,
mystery_spells_and_perks.perkdesc_time_warp,"==This perk might possibly be something like the following==\nYou can slow down time for a brief period.",,,,,,,,,"==この特典はおそらく以下の説明文のようなものです==\n短時間、時間を遅くすることができます。",,,,,,,,,,,,,,
mystery_spells_and_perks.perkdesc_shadow_step,"==This perk might possibly be something like the following==\nYou can teleport a short distance in any direction.",,,,,,,,,"==この特典はおそらく以下の説明文のようなものです==\n任意の方向に短距離テレポートできます。",,,,,,,,,,,,,,
mystery_spells_and_perks.perkdesc_reflect,"==This perk might possibly be something like the following==\nYou can reflect incoming projectiles back to their source.",,,,,,,,,"==この特典はおそらく以下の説明文のようなものです==\n入ってくる放射物をその発射元に反射できます。",,,,,,,,,,,,,,
mystery_spells_and_perks.perkdesc_haste,"==This perk might possibly be something like the following==\nYour movement and attack speed are significantly increased.",,,,,,,,,"==この特典はおそらく以下の説明文のようなものです==\n移動速度と攻撃速度が大幅に増加します。",,,,,,,,,,,,,,
mystery_spells_and_perks.perkdesc_vitality,"==This perk might possibly be something like the following==\nYour maximum health is increased.",,,,,,,,,"==この特典はおそらく以下の説明文のようなものです==\n最大HPが増加します。",,,,,,,,,,,,,,
mystery_spells_and_perks.perkdesc_iron_skin,"==This perk might possibly be something like the following==\nYou take less damage from all sources.",,,,,,,,,"==この特典はおそらく以下の説明文のようなものです==\nすべてのソースからのダメージが減少します。",,,,,,,,,,,,,,
mystery_spells_and_perks.perkdesc_mana_boost,"==This perk might possibly be something like the following==\nYour maximum mana is increased.",,,,,,,,,"==この特典はおそらく以下の説明文のようなものです==\n最大マナが増加します。",,,,,,,,,,,,,,
mystery_spells_and_perks.perkdesc_magic_resistance,"==This perk might possibly be something like the following==\nYou take less damage from magical attacks.",,,,,,,,,"==この特典はおそらく以下の説明文のようなものです==\n魔法攻撃からのダメージが減少します。",,,,,,,,,,,,,,
mystery_spells_and_perks.perkdesc_lucky_charm,"==This perk might possibly be something like the following==\nYou have a higher chance to find rare items.",,,,,,,,,"==この特典はおそらく以下の説明文のようなものです==\nレアアイテムを見つける確率が上がります。",,,,,,,,,,,,,,
mystery_spells_and_perks.perkdesc_sprint,"==This perk might possibly be something like the following==\nYou can sprint for short bursts of increased speed.",,,,,,,,,"==この特典はおそらく以下の説明文のようなものです==\n短時間のスプリントでスピードが増します。",,,,,,,,,,,,,,
mystery_spells_and_perks.perkdesc_toughness,"==This perk might possibly be something like the following==\nYour physical defense is increased.",,,,,,,,,"==この特典はおそらく以下の説明文のようなものです==\n物理防御が増加します。",,,,,,,,,,,,,,
mystery_spells_and_perks.perkdesc_telekinesis,"==This perk might possibly be something like the following==\nYou can move objects with your mind.",,,,,,,,,"==この特典はおそらく以下の説明文のようなものです==\n念力で物を動かせます。",,,,,,,,,,,,,,
mystery_spells_and_perks.perkdesc_bloodlust,"==This perk might possibly be something like the following==\nYour critical hit chance is increased.",,,,,,,,,"==この特典はおそらく以下の説明文のようなものです==\nクリティカルヒットの確率が上がります。",,,,,,,,,,,,,,
mystery_spells_and_perks.perkdesc_phantom_blood,"==This perk might possibly be something like the following==\nYou have a chance to avoid fatal damage and recover some health.",,,,,,,,,"==この特典はおそらく以下の説明文のようなものです==\n致命的なダメージを回避し、HPを少し回復することができます。",,,,,,,,,,,,,,
mystery_spells_and_perks.perkdesc_spider_climb,"==This perk might possibly be something like the following==\nYou can climb walls like a spider.",,,,,,,,,"==この特典はおそらく以下の説明文のようなものです==\nクモのように壁を登ることができます。",,,,,,,,,,,,,,
mystery_spells_and_perks.perkdesc_night_vision,"==This perk might possibly be something like the following==\nYou can see in the dark.",,,,,,,,,"==この特典はおそらく以下の説明文のようなものです==\n暗闇の中でも見ることができます。",,,,,,,,,,,,,,
mystery_spells_and_perks.perkdesc_fire_trail,"==This perk might possibly be something like the following==\nYou leave a trail of fire wherever you go.",,,,,,,,,"==この特典はおそらく以下の説明文のようなものです==\n移動するたびに炎の跡を残します。",,,,,,,,,,,,,,
mystery_spells_and_perks.perkdesc_ice_trail,"==This perk might possibly be something like the following==\nYou leave a trail of ice wherever you go.",,,,,,,,,"==この特典はおそらく以下の説明文のようなものです==\n移動するたびに氷の跡を残します。",,,,,,,,,,,,,,
mystery_spells_and_perks.perkdesc_poison_trail,"==This perk might possibly be something like the following==\nYou leave a trail of poison wherever you go.",,,,,,,,,"==この特典はおそらく以下の説明文のようなものです==\n移動するたびに毒の跡を残します。",,,,,,,,,,,,,,
mystery_spells_and_perks.perkdesc_blink,"==This perk might possibly be something like the following==\nYou can teleport a short distance instantly.",,,,,,,,,"==この特典はおそらく以下の説明文のようなものです==\n短距離を瞬間的にテレポートできます。",,,,,,,,,,,,,,
mystery_spells_and_perks.perkdesc_water_walk,"==This perk might possibly be something like the following==\nYou can walk on water.",,,,,,,,,"==この特典はおそらく以下の説明文のようなものです==\n水の上を歩くことができます。",,,,,,,,,,,,,,
mystery_spells_and_perks.perkdesc_earthquake,"==This perk might possibly be something like the following==\nYou can cause a small earthquake to damage and disrupt enemies.",,,,,,,,,"==この特典はおそらく以下の説明文のようなものです==\n小さな地震を引き起こして、敵にダメージを与え、混乱させることができます。",,,,,,,,,,,,,,
mystery_spells_and_perks.perkdesc_wind_dash,"==This perk might possibly be something like the following==\nYou can dash forward quickly with a burst of wind.",,,,,,,,,"==この特典はおそらく以下の説明文のようなものです==\n風の突風で素早く前進することができます。",,,,,,,,,,,,,,
mystery_spells_and_perks.perkdesc_sonic_boom,"==This perk might possibly be something like the following==\nYou release a powerful sonic boom that damages and disorients enemies.",,,,,,,,,"==この特典はおそらく以下の説明文のようなものです==\n強力なソニックブームを放ち、敵にダメージを与え、混乱させます。",,,,,,,,,,,,,,
mystery_spells_and_perks.perkdesc_summon_spirit,"==This perk might possibly be something like the following==\nYou can summon a spirit to aid you in battle.",,,,,,,,,"==この特典はおそらく以下の説明文のようなものです==\n戦闘中に助けてくれるスピリットを召喚できます。",,,,,,,,,,,,,,
mystery_spells_and_perks.perkdesc_blinding_light,"==This perk might possibly be something like the following==\nYou emit a blinding light that disorients enemies.",,,,,,,,,"==この特典はおそらく以下の説明文のようなものです==\n目がくらむような光を発し、敵を混乱させます。",,,,,,,,,,,,,,
mystery_spells_and_perks.perkdesc_phantom_step,"==This perk might possibly be something like the following==\nYou can phase through enemies, avoiding damage.",,,,,,,,,"==この特典はおそらく以下の説明文のようなものです==\n敵を通り抜け、ダメージを回避できます。",,,,,,,,,,,,,,
mystery_spells_and_perks.perkdesc_reinforcement,"==This perk might possibly be something like the following==\nSummoned allies have increased health and damage.",,,,,,,,,"==この特典はおそらく以下の説明文のようなものです==\n召喚された味方のHPとダメージが増加します。",,,,,,,,,,,,,,
mystery_spells_and_perks.perkdesc_sonic_speed,"==This perk might possibly be something like the following==\nYou can move at incredible speeds, avoiding attacks.",,,,,,,,,"==この特典はおそらく以下の説明文のようなものです==\n信じられない速さで動き、攻撃を回避できます。",,,,,,,,,,,,,,
mystery_spells_and_perks.perkdesc_teleport_strike,"==This perk might possibly be something like the following==\nYou can teleport behind enemies and strike them.",,,,,,,,,"==この特典はおそらく以下の説明文のようなものです==\n敵の背後にテレポートして攻撃することができます。",,,,,,,,,,,,,,
mystery_spells_and_perks.perkdesc_shadow_strike,"==This perk might possibly be something like the following==\nYou can strike from the shadows, dealing extra damage.",,,,,,,,,"==この特典はおそらく以下の説明文のようなものです==\n影から攻撃し、追加ダメージを与えることができます。",,,,,,,,,,,,,,
mystery_spells_and_perks.perkdesc_energy_wave,"==This perk might possibly be something like the following==\nYou can release waves of energy that damage enemies.",,,,,,,,,"==この特典はおそらく以下の説明文のようなものです==\nエネルギー波を放ち、敵にダメージを与えます。",,,,,,,,,,,,,,
mystery_spells_and_perks.perkdesc_shield_aura,"==This perk might possibly be something like the following==\nYou generate an aura that reduces incoming damage.",,,,,,,,,"==この特典はおそらく以下の説明文のようなものです==\n入ってくるダメージを減少させるオーラを生成します。",,,,,,,,,,,,,,
mystery_spells_and_perks.perkdesc_spectral_vision,"==This perk might possibly be something like the following==\nYou can see spectral entities and hidden objects.",,,,,,,,,"==この特典はおそらく以下の説明文のようなものです==\nスペクトラルな存在や隠されたオブジェクトを見ることができます。",,,,,,,,,,,,,,
mystery_spells_and_perks.perkdesc_stone_skin,"==This perk might possibly be something like the following==\nYour skin becomes as tough as stone, reducing physical damage taken.",,,,,,,,,"==この特典はおそらく以下の説明文のようなものです==\n肌が石のように硬くなり、物理的なダメージを減少させます。",,,,,,,,,,,,,,
mystery_spells_and_perks.perkdesc_illusion_mastery,"==This perk might possibly be something like the following==\nYou can create powerful illusions to confuse enemies.",,,,,,,,,"==この特典はおそらく以下の説明文のようなものです==\n強力な幻影を作り、敵を混乱させることができます。",,,,,,,,,,,,,,
